country_year,suicides_no,population,gdp_for_year
Albania1987,73,2709600,2156624900
Albania1988,63,2764300,2126000000
Albania1989,68,2803100,2335124988
Albania1992,47,2822500,709452584
Albania1993,73,2807300,1228071038
Albania1994,50,2849300,1985673798
Albania1995,88,2903400,2424499009
Albania1996,89,2940200,3314898292
Albania1997,170,2977300,2359903108
Albania1998,154,3012700,2707123772
Albania1999,139,3029700,3414760915
Albania2000,54,2796300,3632043908
Albania2001,119,2799349,4060758804
Albania2002,133,2818839,4435078648
Albania2003,124,2843929,5746945913
Albania2004,146,2874991,7314865176
Albania2005,0,2783320,8158548717
Albania2006,0,2780176,8992642349
Albania2007,124,2770344,10701011897
Albania2008,160,2757059,12881352688
Albania2009,0,2745735,12044212904
Albania2010,96,2736025,11926953259
Antigua and Barbuda1985,0,62574,240923926
Antigua and Barbuda1986,0,61270,290440148
Antigua and Barbuda1987,0,60261,337174852
Antigua and Barbuda1988,0,59564,398637741
Antigua and Barbuda1989,0,59238,438794778
Antigua and Barbuda1990,1,59334,459469074
Antigua and Barbuda1991,0,60394,481706333
Antigua and Barbuda1992,0,61741,499281148
Antigua and Barbuda1993,1,63315,535172778
Antigua and Barbuda1994,0,65044,589429593
Antigua and Barbuda1995,0,66846,577280741
Antigua and Barbuda1998,0,72225,727860593
Antigua and Barbuda1999,0,73832,766198926
Antigua and Barbuda2000,2,75326,830158778
Antigua and Barbuda2001,2,76497,800740259
Antigua and Barbuda2002,0,77588,814615333
Antigua and Barbuda2003,1,78658,855643111
Antigua and Barbuda2004,2,79722,919577148
Antigua and Barbuda2005,0,80809,1022191296
Antigua and Barbuda2006,0,81973,1157005444
Antigua and Barbuda2007,1,83131,1311401333
Antigua and Barbuda2008,0,84273,1368431037
Antigua and Barbuda2009,0,85405,1224253000
Antigua and Barbuda2012,0,88703,1211411704
Antigua and Barbuda2013,0,89779,1192925407
Antigua and Barbuda2014,0,90837,1280133333
Antigua and Barbuda2015,1,91889,1364863037
Argentina1985,1988,27090800,88416668900
Argentina1986,2284,27244400,110934442763
Argentina1987,2286,27599400,111106191358
Argentina1988,2354,28308000,126206817196
Argentina1989,2247,28702000,76636898036
Argentina1990,2140,29091100,141352368715
Argentina1991,1951,29623000,189719984268
Argentina1992,2184,30045400,228788617202
Argentina1993,2230,30477500,236741715015
Argentina1994,2241,30911200,257440000000
Argentina1995,2204,31345400,258031750000
Argentina1996,2229,31780700,272149750000
Argentina1997,2184,32333781,292859000000
Argentina1998,2347,32757259,298948250000
Argentina1999,2423,33174862,283523000000
Argentina2000,2774,33585533,284203750000
Argentina2001,3132,34010946,268696750000
Argentina2002,3162,34407507,97724004252
Argentina2003,3289,34785907,127586973492
Argentina2004,3121,35162945,164657930453
Argentina2005,3058,35550617,198737095012
Argentina2006,3108,35918886,232557260817
Argentina2007,2946,36315492,287530508431
Argentina2008,3059,36733520,361558037110
Argentina2009,2884,37158001,332976484578
Argentina2010,2943,37578454,423627422092
Argentina2011,2912,38015739,530163281575
Argentina2012,3248,38441778,545982375701
Argentina2013,2987,38859125,552025140252
Argentina2014,3231,39276555,526319673732
Argentina2015,3073,39699624,594749285413
Armenia1990,93,2983700,2256838858
Armenia1991,80,3230800,2068526522
Armenia1992,83,3308700,1272577456
Armenia1993,106,3366600,1201313201
Armenia1994,112,3402500,1315158670
Armenia1995,130,3443200,1468317350
Armenia1996,87,3486300,1596968913
Armenia1997,77,3526700,1639492424
Armenia1998,66,3558000,1893726437
Armenia1999,67,3580700,1845482181
Armenia2000,61,3606500,1911563665
Armenia2001,60,3610516,2118467913
Armenia2002,74,3014844,2376335048
Armenia2003,59,3024366,2807061009
Armenia2006,78,2764396,6384451606
Armenia2007,71,2735313,9206301700
Armenia2008,63,3045391,11662040714
Armenia2009,53,2689695,8647936748
Armenia2010,73,2676225,9260284938
Armenia2011,67,2670366,10142111334
Armenia2012,79,2814300,10619320049
Armenia2013,67,2810664,11121465767
Armenia2014,58,2803029,11609512940
Armenia2015,74,2795335,10553337673
Armenia2016,67,2400033,10546135160
Aruba1995,8,73581,1320670391
Aruba1999,9,81934,1722798883
Aruba2000,10,83888,1873452514
Aruba2001,4,86045,1920262570
Aruba2002,9,88284,1941094972
Aruba2003,2,90457,2021301676
Aruba2004,8,92335,2228279330
Aruba2005,10,93728,2331005587
Aruba2006,9,94508,2421474860
Aruba2007,8,94814,2623726257
Aruba2008,4,94814,2791960894
Aruba2009,4,94795,2498932961
Aruba2010,7,95006,2467703911
Aruba2011,9,95488,2584463687
Australia1985,1861,14562500,180190994861
Australia1986,2044,14809800,181977476217
Australia1987,2164,15046500,189041159344
Australia1988,2172,15312100,235699941793
Australia1989,2066,15570600,299317645143
Australia1990,2202,15807000,310838014621
Australia1991,2288,16012100,325358292128
Australia1992,2251,16203500,324878105053
Australia1993,2038,16370000,311528948848
Australia1994,2283,16549400,322201314424
Australia1995,2170,16766300,367216364716
Australia1996,2426,17015100,400302731411
Australia1997,2646,17221300,434568007513
Australia1998,2632,17421730,398899138574
Australia1999,2488,17641702,388395162301
Australia2000,2391,17874410,415034227218
Australia2001,2458,18130883,378215090694
Australia2002,2319,18370058,394486709920
Australia2003,2156,18608029,466294700058
Australia2004,2114,18854551,611904253806
Australia2006,2117,19109246,745521862833
Australia2007,2229,19734430,851962785585
Australia2008,2341,20120312,1052584601611
Australia2009,2337,20529317,926448240318
Australia2010,2420,20847547,1144260547873
Australia2011,2392,20881910,1394280784778
Australia2012,2580,21238909,1543411012580
Australia2013,2608,21600180,1573696522007
Australia2014,2891,21927587,1464955475994
Australia2015,3027,22240785,1349034029453
Austria1985,2091,7110115,69386774475
Austria1986,2139,7119149,99036165210
Austria1987,2069,7130006,124168442860
Austria1988,1851,7144410,133339397080
Austria1989,1898,7177666,133105805928
Austria1990,1825,7231353,166463386663
Austria1991,1769,7299728,173794177725
Austria1992,1759,7375368,195078126346
Austria1993,1704,7433569,190379720927
Austria1994,1776,7462552,203535242742
Austria1995,1788,7477030,241038283063
Austria1996,1779,7493706,237250948791
Austria1997,1592,7512589,212790348405
Austria1998,1559,7533519,218259904402
Austria1999,1555,7561609,217185787343
Austria2000,1588,7592073,196799778883
Austria2001,1489,7634560,197337879195
Austria2002,1553,7683162,213377771504
Austria2003,1456,7722033,261695778781
Austria2004,1422,7773105,300904221505
Austria2005,1399,7827461,315974418605
Austria2006,1297,7869269,335998557270
Austria2007,1285,7897272,388691445387
Austria2008,1267,7925258,430294287388
Austria2009,1278,7946894,400172297861
Austria2010,1264,7968421,391892746545
Austria2011,1288,7995146,431120310089
Austria2012,1276,8031276,409425234155
Austria2013,1291,8079615,430068712972
Austria2014,1314,8141165,441885415806
Austria2015,1251,8219386,382065930308
Austria2016,1201,7484629,390799991147
Azerbaijan1990,114,6156800,8858006036
Azerbaijan1991,134,6290600,8792365811
Azerbaijan1992,144,6370400,4991350458
Azerbaijan1993,119,6442600,3973027397
Azerbaijan1994,47,6521200,3313739674
Azerbaijan1995,49,6605900,3052467522
Azerbaijan1996,69,6668100,3176749593
Azerbaijan1997,107,6711200,3962710163
Azerbaijan1998,56,7044400,4446396218
Azerbaijan1999,54,7106400,4581222442
Azerbaijan2000,62,7415250,5272617196
Azerbaijan2001,317,7518000,5707720391
Azerbaijan2002,92,7605700,6235795104
Azerbaijan2003,129,7674400,7276013032
Azerbaijan2004,108,7738250,8680472169
Azerbaijan2007,55,7921100,33050343783
Bahamas1985,1,203700,2320699900
Bahamas1987,3,220900,2713999900
Bahamas1993,7,243500,3092000000
Bahamas1994,3,249300,3259000000
Bahamas1995,2,254500,3429000000
Bahamas1996,3,252438,3609000000
Bahamas1997,2,255956,6332360000
Bahamas1998,3,260125,6833220000
Bahamas1999,6,264791,7683870000
Bahamas2000,11,269738,8076470000
Bahamas2001,1,276140,8317830000
Bahamas2002,3,282555,8881160000
Bahamas2003,1,288888,8870090000
Bahamas2004,2,295237,9055290000
Bahamas2005,4,301763,9836200000
Bahamas2006,2,308499,10167250000
Bahamas2007,5,314989,10618340000
Bahamas2008,4,321447,10526000000
Bahamas2009,6,327813,9981960000
Bahamas2010,10,333869,10095760000
Bahamas2011,4,338383,10070450000
Bahamas2012,5,343558,10720500000
Bahamas2013,5,348959,10627600000
Bahrain1985,11,365900,3651861702
Bahrain1987,9,363900,3392021011
Bahrain1988,14,389700,3702393617
Bahrain1997,0,529754,6349202394
Bahrain1998,0,546008,6183776596
Bahrain1999,17,565762,6621010372
Bahrain2000,29,590594,9062906915
Bahrain2001,23,624083,8976207713
Bahrain2002,25,661010,9632155053
Bahrain2003,34,702913,11074822074
Bahrain2004,42,751559,13150166755
Bahrain2005,42,819540,15968726862
Bahrain2006,28,888543,18505053191
Bahrain2007,40,964770,21730000000
Bahrain2008,43,1024110,25710877660
Bahrain2009,36,1092922,22938218085
Bahrain2010,19,1139160,25713271277
Bahrain2011,18,1103462,28776595745
Bahrain2012,19,1201778,30749308511
Bahrain2013,5,1214492,32539547872
Bahrain2014,9,1213966,33387712766
Barbados1985,7,231000,1417575550
Barbados1986,8,231600,1556321742
Barbados1987,6,233700,1713771321
Barbados1988,12,234800,1822815594
Barbados1989,16,236000,2015731029
Barbados1990,16,237000,2023318252
Barbados1991,17,237000,2007109829
Barbados1992,14,240000,1950900000
Barbados1993,16,239600,2046189032
Barbados1994,14,240300,2151295182
Barbados1995,17,241200,2261969870
Barbados2000,10,251133,3121500000
Barbados2001,2,252406,3116650000
Barbados2002,0,253353,3169600000
Barbados2003,0,254122,3274850000
Barbados2004,3,254925,3514350000
Barbados2005,1,255889,3897300000
Barbados2006,9,256883,4246600000
Barbados2007,0,258083,4523750000
Barbados2008,1,259414,4607300000
Barbados2009,5,260718,4434050000
Barbados2010,3,261927,4461650000
Barbados2011,0,263203,4660900000
Barbados2012,0,264270,4656350000
Barbados2013,0,265165,4612500000
Belarus1990,2085,9408800,21650000000
Belarus1991,2169,9476200,18000000000
Belarus1992,2424,9570900,17037037037
Belarus1993,2885,9641100,16280991736
Belarus1994,3153,9653900,14932024169
Belarus1995,3203,9673600,13972676841
Belarus1996,3627,9684800,14756846154
Belarus1997,3526,9692100,14128408566
Belarus1998,3556,9694800,15222012660
Belarus1999,3397,9563200,12138486532
Belarus2000,3483,9543479,12736856828
Belarus2001,3303,9513587,12354820144
Belarus2002,3291,9469234,14594249023
Belarus2003,3456,9420691,17827791321
Belarus2007,2659,9244456,45277399814
Belarus2008,2658,9205746,60763483146
Belarus2009,2743,9169969,49209523810
Belarus2010,2459,8981193,57222490769
Belarus2011,2172,8947320,61757788945
Belarus2013,1902,8910240,75527984234
Belarus2014,1741,8906977,78813839984
Belgium1985,2281,9269600,86730038793
Belgium1986,2202,9287100,120661220336
Belgium1987,2238,9291300,150194077688
Belgium1988,1996,9319300,163167853538
Belgium1989,1920,9349200,165100094595
Belgium1990,1895,9369700,206430841502
Belgium1991,1805,9396600,211637816539
Belgium1992,1878,9428100,236038384442
Belgium1993,2142,9462900,225924679921
Belgium1994,2131,9497400,246194938751
Belgium1995,2155,9527100,289567323481
Belgium1996,2013,9557545,281358175896
Belgium1997,2146,9576223,254813599459
Belgium1998,2019,9620997,260601911536
Belgium1999,1857,9648277,260202429150
Belgium2000,2143,9674025,237904919845
Belgium2001,2165,9710055,237841968680
Belgium2002,2076,9758570,258860436665
Belgium2003,2091,9804122,319002821670
Belgium2004,1987,9848022,370885026074
Belgium2005,2029,9901014,387365750529
Belgium2006,1935,9962702,409813197842
Belgium2007,1857,10030266,471821105940
Belgium2008,1999,10100850,518625897173
Belgium2009,2013,10173366,484552792442
Belgium2010,2013,10211171,483548031197
Belgium2011,2088,10355126,527008453887
Belgium2012,2026,10442637,497884216569
Belgium2013,1895,10526149,520925468953
Belgium2014,1899,10578848,530770977634
Belgium2015,1867,10624356,455039563133
Belize1986,3,146800,227850000
Belize1987,4,144069,276550000
Belize1989,1,153088,363150000
Belize1990,3,158000,413050000
Belize1991,2,162200,444720750
Belize1993,1,170800,559858250
Belize1994,8,170874,580863700
Belize1995,14,180500,620140400
Belize1996,8,180926,641383800
Belize1997,1,187650,654314350
Belize1998,12,195108,688992450
Belize1999,18,202699,732732350
Belize2000,18,210109,832072450
Belize2001,19,217279,871860600
Belize2002,14,224136,932551850
Belize2003,12,230890,990374050
Belize2004,20,237791,1057845500
Belize2005,12,245020,1114222550
Belize2006,11,252826,1217467600
Belize2007,8,260667,1290573400
Belize2008,11,268487,1368625150
Belize2009,15,276189,1336957250
Belize2010,15,283796,1397113450
Belize2011,33,291662,1487005600
Belize2012,18,298946,1573670250
Belize2013,17,305888,1612573850
Belize2014,24,312780,1703951050
Belize2015,26,319835,1778567600
Bosnia and Herzegovina2011,5,3673312,18644723861
Bosnia and Herzegovina2014,313,3654169,18558343508
Brazil1985,4228,117478900,222942790435
Brazil1986,4271,118776400,268137224730
Brazil1987,4672,122822467,294084112393
Brazil1988,4466,125701294,330397381998
Brazil1989,4463,128570308,425595310000
Brazil1990,4803,131387553,461951782000
Brazil1991,5156,134281850,602860000000
Brazil1992,5207,137007021,400599250000
Brazil1993,5508,139615477,437798577640
Brazil1994,5896,142188450,558111997497
Brazil1995,6536,144783591,769305386183
Brazil1996,6698,147353130,850426432992
Brazil1997,6891,149932627,883199625325
Brazil1998,6922,152524311,863723411633
Brazil1999,6507,155122073,599388579986
Brazil2000,6763,157715991,655420645477
Brazil2001,7710,160178796,559372276082
Brazil2002,7697,162761414,507962487700
Brazil2003,7839,165396911,558319920832
Brazil2004,7995,167993068,669316654017
Brazil2005,8529,170483960,891630175813
Brazil2006,8618,172974722,1107640297890
Brazil2007,8855,175293192,1397084345950
Brazil2008,9184,177471632,1695824571927
Brazil2009,9346,179569551,1667019780934
Brazil2010,9429,181629712,2208871646203
Brazil2011,9822,183656441,2616201578192
Brazil2012,10295,185591215,2465188674415
Brazil2013,10513,187458852,2472806919902
Brazil2014,10631,189285554,2455993625159
Brazil2015,11163,191087085,1802214373741
Bulgaria1985,1456,8392500,17155421053
Bulgaria1986,1408,8391500,20249294118
Bulgaria1987,1492,8375400,28101000000
Bulgaria1988,1452,8389800,22555941176
Bulgaria1989,1460,8403200,21988444444
Bulgaria1990,1323,8418500,20632090909
Bulgaria1991,1384,8431900,10943548387
Bulgaria1992,1519,8041500,10350515464
Bulgaria1993,1470,8001000,10829710145
Bulgaria1994,1464,7995500,9697416974
Bulgaria1995,1433,7983900,13063422619
Bulgaria1996,1526,7963300,10109612142
Bulgaria1997,1465,7933900,11195612105
Bulgaria1998,1503,7899500,14630992956
Bulgaria1999,1307,7866600,13495075366
Bulgaria2000,1383,7829095,13153016531
Bulgaria2001,1314,7591926,14075616789
Bulgaria2002,1317,7544410,16276456428
Bulgaria2003,1092,7493166,20982685981
Bulgaria2004,1013,7447563,25957970922
Bulgaria2005,982,7404051,29636617750
Bulgaria2006,977,7358508,34130122491
Bulgaria2007,902,7312474,44411476557
Bulgaria2008,939,7267511,54409138498
Bulgaria2009,868,7219817,51884481410
Bulgaria2010,859,7162740,50610058210
Bulgaria2011,763,7056527,57418414504
Bulgaria2012,872,6959652,53903022339
Bulgaria2013,721,6920644,55758754072
Bulgaria2014,724,6883874,56731990232
Cabo Verde2011,42,452179,1864824081
Canada1985,3258,23499900,364756499451
Canada1986,3670,23499100,377437927312
Canada1987,3591,23798100,431316742081
Canada1988,3510,24080600,507354351182
Canada1989,3491,24368400,565055743243
Canada1990,3378,24704400,593929550908
Canada1991,3593,25390400,610328183643
Canada1992,3708,26454400,592387689253
Canada1993,3803,26944700,577170761956
Canada1994,3748,27246000,578139279438
Canada1995,3968,27618500,604031623433
Canada1996,3941,27706600,628546387972
Canada1997,3681,28085100,652825364726
Canada1998,3699,28372536,631813279407
Canada1999,4074,28681643,676082654641
Canada2000,3606,29008565,742293448253
Canada2001,3694,29262055,736379777893
Canada2002,3650,29642114,757950678647
Canada2003,3765,29958833,892380986368
Canada2004,3613,30283966,1023196003075
Canada2005,3743,30597090,1169357979865
Canada2006,3512,30902962,1315415197461
Canada2007,3611,31242631,1464977190206
Canada2008,3705,31588641,1549131208997
Canada2009,3890,31937357,1371153004986
Canada2010,3951,32286140,1613464422811
Canada2011,3728,32615418,1788647906048
Canada2012,3926,32961196,1824288757448
Canada2013,4054,33314836,1842628005830
Chile1985,683,10675400,17702885394
Chile1986,654,10931700,18891048819
Chile1987,693,11209000,22255407685
Chile1988,697,11306000,26040229793
Chile1989,725,11501000,29885685143
Chile1990,743,11709000,33113887818
Chile1991,787,11871000,37834793730
Chile1992,658,12125000,45964327559
Chile1993,740,12306400,49297773130
Chile1994,801,12526600,57008425296
Chile1995,930,12897643,73447063319
Chile1996,917,13125089,78039572222
Chile1997,910,13339550,84952360922
Chile1998,1031,13543940,81577430181
Chile1999,1041,13743882,75173794497
Chile2000,1473,13943575,77860932152
Chile2001,1625,14139590,70979923960
Chile2002,1603,14332840,69736811435
Chile2003,1654,14523758,75643459840
Chile2004,1735,14710993,99210392858
Chile2005,1682,14893574,122964812046
Chile2006,1795,15071596,154788024806
Chile2007,1848,15245435,173605968179
Chile2008,2088,15415661,179638496279
Chile2009,2148,15584149,172389498445
Chile2010,2001,15751851,218537551220
Chile2011,2027,15910783,252251992029
Chile2012,1841,16075247,267122320057
Chile2013,1738,16242244,278384332694
Chile2014,1789,16406867,260584090571
Chile2015,1838,16565725,243999477738
Colombia1985,1001,25052400,34894411352
Colombia1986,958,25585600,34942489684
Colombia1987,951,28009432,36373307085
Colombia1988,912,28649501,39212550050
Colombia1989,831,29289829,39540080200
Colombia1990,865,29930973,40274204595
Colombia1991,1010,30584178,41239551378
Colombia1992,1086,29615400,49279585355
Colombia1993,1085,30242200,55802538219
Colombia1994,1198,30874600,81703500846
Colombia1995,1150,33090899,92507279383
Colombia1996,1209,33703636,97160109278
Colombia1997,1242,34338825,106659508271
Colombia1998,2052,34987039,98443739941
Colombia1999,2143,35629408,86186158685
Colombia2000,2358,36252342,99886577331
Colombia2001,2412,36884428,98203546156
Colombia2002,2379,37478276,97933391976
Colombia2003,2269,38044513,94684584163
Colombia2004,2244,38604716,117074863822
Colombia2005,2102,39172790,146566264837
Colombia2006,2177,39708676,162590146096
Colombia2007,2181,40275206,207416494642
Colombia2008,2220,40859129,243982437871
Colombia2009,2249,41436173,233821670544
Colombia2010,2107,41989103,287018184638
Colombia2011,2044,42538305,335415156702
Colombia2012,2119,43055864,369659700376
Colombia2013,2068,43546298,380191881860
Colombia2014,2126,44021800,378195716714
Colombia2015,2332,44490427,291519591533
Costa Rica1985,128,2236200,4796628461
Costa Rica1986,131,2292900,5477895475
Costa Rica1987,119,2400700,5841132962
Costa Rica1988,138,2465200,6063759371
Costa Rica1989,167,2556000,6866402028
Costa Rica1990,157,2627800,7403457319
Costa Rica1991,125,2704000,7168999428
Costa Rica1992,149,2778400,8528593084
Costa Rica1993,164,2853700,9537297507
Costa Rica1994,162,2929100,10432619390
Costa Rica1995,209,3135200,11513472694
Costa Rica1996,209,3192446,11618286553
Costa Rica1997,187,3279559,12552071367
Costa Rica1998,223,3365726,13617405420
Costa Rica1999,233,3449923,14195623425
Costa Rica2000,239,3531421,14949514585
Costa Rica2001,198,3606850,15913363335
Costa Rica2002,275,3680372,16504795453
Costa Rica2003,315,3751871,17195867540
Costa Rica2004,325,3820857,18529767934
Costa Rica2005,272,3887096,19952156475
Costa Rica2006,350,3953916,22600431878
Costa Rica2007,270,4015241,26743874206
Costa Rica2008,261,4072561,30612932876
Costa Rica2009,278,4128459,30562361123
Costa Rica2010,311,4184663,37268635287
Costa Rica2011,316,4235514,42262697840
Costa Rica2012,302,4290210,46473128286
Costa Rica2013,311,4347229,49745088112
Costa Rica2014,268,4403674,50577769838
Croatia1995,929,4497400,22387561845
Croatia1996,1001,4220800,23678012697
Croatia1997,946,4295100,23822087053
Croatia1998,1029,4227900,25432144406
Croatia1999,989,4283800,23386945597
Croatia2000,926,4118000,21774273832
Croatia2001,881,4180633,23289671102
Croatia2002,874,4217300,26878499206
Croatia2003,865,4225600,34658113497
Croatia2004,871,4229600,41574530816
Croatia2005,874,4235875,45416358502
Croatia2006,796,4234946,50453577898
Croatia2007,775,4230855,60093222709
Croatia2008,793,4225583,70481451449
Croatia2009,790,4216050,62703143057
Croatia2010,776,4203963,59829574391
Croatia2011,702,4189029,62375044443
Croatia2012,776,4054296,56565475275
Croatia2013,692,4044457,58085856019
Croatia2014,722,4030452,57629518806
Croatia2015,739,4001669,49425513611
Croatia2016,683,3567043,51338524831
Cuba1992,2299,9915600,22085858243
Cuba1993,2374,10004200,22367254865
Cuba1994,2278,10089300,28448326757
Cuba1995,2222,10168400,30429803651
Cuba1996,2014,10241600,25017300000
Cuba1997,2029,10260492,25366200000
Cuba1998,2056,10307978,25736331247
Cuba1999,2050,10350039,28364615242
Cuba2000,1845,10397209,30565400000
Cuba2001,1652,10433428,31682400000
Cuba2002,1606,10479415,33590500000
Cuba2003,1499,10531074,35901200000
Cuba2004,1515,10578701,38203000000
Cuba2005,1397,10616406,42643836075
Cuba2006,1376,10653638,52742800000
Cuba2007,1307,10678023,58603900000
Cuba2008,1377,10693814,60806300000
Cuba2009,1477,10708230,62080000000
Cuba2010,1558,10725848,64328000000
Cuba2011,1529,10748034,68990000000
Cuba2012,1495,10770535,73141000000
Cuba2013,1499,10792690,77148000000
Cuba2014,1453,10813411,80656100000
Cuba2015,1511,10832068,87132800000
Cyprus1999,1,856733,10614455232
Cyprus2000,7,875229,10183317625
Cyprus2004,7,690616,17422375000
Cyprus2005,17,701263,18703146375
Cyprus2006,19,713426,20403713461
Cyprus2007,19,728566,24077470572
Cyprus2008,41,747034,27839460964
Cyprus2009,32,767174,25942622951
Cyprus2010,38,787081,25562251656
Cyprus2011,30,800820,27427161523
Cyprus2012,36,814305,25041372222
Cyprus2013,45,813016,24084572491
Cyprus2014,44,804818,23359294149
Cyprus2015,40,796037,19676167240
Cyprus2016,36,711344,20153871681
Czech Republic1990,1997,9710900,40477403220
Czech Republic1991,1904,9667500,29675502270
Czech Republic1992,1991,9681900,34590052812
Czech Republic1993,1917,9703400,40614350197
Czech Republic1994,1872,9723700,47554674591
Czech Republic1995,1733,9744300,59775697061
Czech Republic1996,1568,9763900,66985765439
Czech Republic1997,1666,9786700,61792161168
Czech Republic1998,1613,9808300,66490372105
Czech Republic1999,1610,9819215,64867483193
Czech Republic2000,1649,9819742,61649492817
Czech Republic2001,1623,9838083,67523642262
Czech Republic2002,1534,9752463,81910771994
Czech Republic2003,1719,9748550,99627140274
Czech Republic2004,1583,9746647,119162172468
Czech Republic2005,1565,9761733,136280689891
Czech Republic2006,1400,9780319,155463807113
Czech Republic2007,1379,9818295,189227050760
Czech Republic2008,1379,9899594,235718586901
Czech Republic2009,1464,9937407,206179982164
Czech Republic2010,1502,9945273,207477857919
Czech Republic2011,1590,9906318,227948349666
Czech Republic2012,1658,9923127,207376427021
Czech Republic2013,1577,9936780,209402444996
Czech Republic2014,1489,9963127,207818330724
Czech Republic2015,1387,9989325,186829940546
Czech Republic2016,1318,8929942,195305084919
Denmark1994,999,4874900,156162311732
Denmark1995,924,4889100,185006961302
Denmark1996,892,4917300,187632400366
Denmark1997,817,4937300,173537588008
Denmark1998,763,4956400,176992000955
Denmark1999,762,4976200,177965224621
Denmark2000,728,4998610,164158800460
Denmark2001,727,5018451,164791416350
Denmark2002,688,5041222,178635160297
Denmark2003,633,5056783,218095997085
Denmark2004,661,5072927,251373036671
Denmark2005,631,5089852,264467308109
Denmark2006,650,5110460,282884912894
Denmark2007,581,5133001,319423370134
Denmark2008,603,5162525,353361056080
Denmark2009,622,5192790,321241396034
Denmark2010,563,5217785,321995350347
Denmark2011,589,5244150,344003209696
Denmark2012,661,5270539,327148899962
Denmark2013,610,5299698,343584385594
Denmark2014,629,5339166,352993633221
Denmark2015,564,5383060,301298464861
Dominica1985,0,66400,98585185
Ecuador1985,393,7661800,17149094590
Ecuador1986,377,7881300,15314143988
Ecuador1987,390,8356800,13945431882
Ecuador1988,466,8593200,13051886552
Ecuador1989,431,8578619,13890828708
Ecuador1990,448,8800933,15239278100
Ecuador1991,494,9091700,16988535268
Ecuador1992,505,9253155,18094238119
Ecuador1993,574,9488483,18938717359
Ecuador1994,512,9725255,22708673337
Ecuador1995,546,9960563,24432884442
Ecuador1996,593,10195848,25226393197
Ecuador1997,579,10427773,28162053027
Ecuador1998,546,10656446,27981896948
Ecuador1999,616,10883283,19645272636
Ecuador2000,534,11109383,18327764882
Ecuador2001,584,11328328,24468324000
Ecuador2002,577,11548770,28548945000
Ecuador2003,675,11771002,32432858000
Ecuador2004,791,11994153,36591661000
Ecuador2005,943,12217643,41507085000
Ecuador2006,900,12449374,46802044000
Ecuador2007,1005,12677354,51007777000
Ecuador2008,928,12903183,61762635000
Ecuador2009,964,13130161,62519686000
Ecuador2010,912,13360285,69555367000
Ecuador2011,918,13583553,79276664000
Ecuador2012,976,13815861,87924544000
Ecuador2013,676,14054613,95129659000
Ecuador2014,734,14295145,101726331000
Ecuador2015,1073,14534024,99290381000
El Salvador1990,571,4510552,4817542204
El Salvador1991,474,4576985,5252342400
El Salvador1992,419,4591600,5813399300
El Salvador1993,424,4694300,6680269200
El Salvador1995,620,4836397,8921947100
El Salvador1996,540,4892391,9586327800
El Salvador1997,577,4949302,10221705900
El Salvador1998,512,5006338,10936669900
El Salvador1999,515,5062759,11284197000
El Salvador2000,461,5118189,11784927700
El Salvador2001,514,5175094,12282533600
El Salvador2002,436,5230458,12664190300
El Salvador2003,527,5283542,13243892200
El Salvador2004,464,5333170,13724810900
El Salvador2005,455,5378879,14698001400
El Salvador2006,411,5429044,15999886400
El Salvador2007,501,5467861,17011750900
El Salvador2008,490,5499287,17986886200
El Salvador2009,506,5528910,17601616000
El Salvador2010,399,5560453,18447922400
El Salvador2011,485,5585785,20283783700
El Salvador2012,512,5618823,21386153000
El Salvador2013,484,5657250,21977401900
El Salvador2014,386,5696329,22585841200
Estonia1995,594,1356651,4373665146
Estonia1996,545,1342202,4746109767
Estonia1997,522,1331234,5066240419
Estonia1998,477,1321719,5617109245
Estonia1999,468,1313198,5726897998
Estonia2000,377,1334175,5685774809
Estonia2001,401,1325610,6245069734
Estonia2002,371,1316690,7322069511
Estonia2003,342,1307160,9833870709
Estonia2004,323,1297650,12059201242
Estonia2005,273,1288495,14006088297
Estonia2006,247,1278915,16963625016
Estonia2007,251,1270415,22237061730
Estonia2008,242,1264005,24194039256
Estonia2009,269,1259010,19652492637
Estonia2010,223,1254225,19490936349
Estonia2011,218,1249427,23170239901
Estonia2012,237,1251631,23043864510
Estonia2013,218,1243096,25137153149
Estonia2014,241,1241852,26224622451
Estonia2015,195,1243450,22566956982
Fiji2001,36,719459,1660102346
Fiji2002,42,723187,1842691481
Fiji2003,10,725591,2315935753
Fiji2004,24,728408,2727507213
Fiji2005,22,732607,3006725015
Fiji2006,24,737759,3102741451
Fiji2007,13,745055,3405050612
Fiji2008,37,753658,3523185920
Fiji2009,26,762403,2870624636
Fiji2011,38,776325,3774530616
Fiji2012,32,782939,3972012571
Finland1987,1363,4614100,91642093873
Finland1988,1402,4633600,109103056148
Finland1989,1413,4654300,119064708328
Finland1990,1512,4675100,141517648888
Finland1991,1493,4698500,127866490222
Finland1992,1451,4720900,112625431378
Finland1993,1397,4741000,89255751015
Finland1994,1387,4761600,103321570859
Finland1995,1388,4781300,134199346405
Finland1996,1247,4802200,132099404608
Finland1997,1322,4823200,126833123354
Finland1998,1228,4844673,133936359591
Finland1999,1207,4864255,135225868315
Finland2000,1165,4881820,125539893127
Finland2001,1204,4898983,129250111857
Finland2002,1095,4915614,139552983249
Finland2003,1075,4929856,171071106095
Finland2004,1064,4944765,196768065557
Finland2005,994,4961784,204436015421
Finland2006,1062,4979740,216552502823
Finland2007,995,4998853,255384615385
Finland2008,1033,5020096,283742493042
Finland2009,1034,5042316,251499027508
Finland2010,954,5063494,247799815768
Finland2011,912,5085985,273674236773
Finland2012,873,5110450,256706466091
Finland2013,887,5135433,269980111643
Finland2014,789,5159944,272609288690
Finland2015,731,5181797,232464833066
France1985,12501,51382600,553138414367
France1986,12529,51637600,771470783218
France1987,12161,51900800,934173305686
France1988,11599,52157600,1018847043277
France1989,11715,52417900,1025211803414
France1990,11403,52952900,1269179616914
France1991,11502,53282900,1269276828276
France1992,11644,53622300,1401465923172
France1993,12251,53945400,1322815612694
France1994,12041,54247100,1393982750473
France1995,11819,54528500,1601094756210
France1996,11279,54791600,1605675086550
France1997,11139,55045500,1452884917959
France1998,10534,55280700,1503108739159
France1999,10268,55043393,1492647560196
France2000,10849,55267624,1362248940483
France2001,10449,55511272,1376465324385
France2002,10643,55935517,1494286655374
France2003,10871,56360402,1840480812641
France2004,10804,56813922,2115742488205
France2005,10713,57160687,2196126103718
France2006,10423,57824447,2318593651988
France2007,10127,58167011,2657213249384
France2008,10353,58482967,2918382891460
France2009,10499,58770727,2690222283968
France2010,10379,59056283,2642609548930
France2011,10408,59344643,2861408170265
France2012,9743,59638457,2683825225093
France2013,9600,59910069,2811077725704
France2014,8881,60275954,2852165760630
Georgia1990,196,4986400,7753501868
Georgia1991,174,5018550,6357615894
Georgia1992,204,4988700,3690328964
Georgia1994,123,4518900,2513870587
Georgia1995,138,4410850,2693731866
Georgia1996,162,4310350,3094915506
Georgia1997,176,4240600,3510540809
Georgia1998,148,4209250,3613500117
Georgia1999,189,4187750,2800024314
Georgia2000,130,4165600,3057453483
Georgia2001,100,4140950,3219487747
Georgia2004,175,4089850,5125363001
Georgia2005,87,4132000,6410852596
Georgia2006,72,4166500,7745406201
Georgia2007,104,4154900,10172869680
Georgia2009,188,4158750,10766809099
Georgia2010,112,4193800,11638536834
Georgia2011,99,4202600,14434619982
Georgia2012,104,4200900,15846474596
Georgia2013,157,4192600,16140047012
Georgia2014,194,3470600,16509305828
Georgia2015,192,3458400,13993546732
Germany1990,13924,74958800,1764967948917
Germany1991,14010,75495900,1861873895109
Germany1992,13458,76131700,2123130870382
Germany1993,12690,76793400,2068555542411
Germany1994,12718,77163400,2205966011812
Germany1995,12888,77547500,2591620035485
Germany1996,12225,77882500,2503665193657
Germany1997,12256,78067900,2218689375141
Germany1998,11654,78071100,2243225519618
Germany1999,11160,78141200,2199957383337
Germany2000,11073,78242066,1949953934034
Germany2001,11167,78421514,1950648769575
Germany2002,11176,78633771,2079136081310
Germany2003,11155,78756461,2505733634312
Germany2004,10741,78811814,2819245095605
Germany2005,10270,78851254,2861410272354
Germany2006,9775,78828994,3002446368084
Germany2007,9409,78776585,3439953462907
Germany2008,9459,78662789,3752365607148
Germany2009,9579,78448602,3418005001389
Germany2010,10030,78349067,3417094562649
Germany2011,10153,78371140,3757698281118
Germany2012,9896,78508115,3543983909148
Germany2013,10091,77270988,3752513503278
Germany2014,10217,77552369,3890606893347
Germany2015,10088,78136683,3375611100742
Greece1985,405,9275400,47820850975
Greece1986,393,9334000,56379593720
Greece1987,410,9387400,65652751132
Greece1988,403,9450000,76261278405
Greece1989,383,9527500,79169043642
Greece1990,349,9617000,97891090929
Greece1991,381,9721144,105143232380
Greece1992,351,9834155,116224673043
Greece1993,412,9930405,108809058859
Greece1994,355,10018932,116601802107
Greece1995,370,10101632,136878366230
Greece1996,356,10178479,145861612826
Greece1997,374,10248806,143157600025
Greece1998,403,10310630,144428172835
Greece1999,381,10362363,142540728958
Greece2000,382,10403059,130133845771
Greece2001,334,10441529,136191353468
Greece2002,323,10482045,153830947017
Greece2003,375,10515665,201924270316
Greece2004,353,10547290,240521260988
Greece2005,400,10582816,247783001865
Greece2006,394,10618891,273317737047
Greece2007,328,10653591,318497936901
Greece2008,373,10686723,354460802549
Greece2009,391,10719618,330000252153
Greece2010,377,10735384,299361576558
Greece2011,477,10728724,287797822093
Greece2012,508,10539802,245670666639
Greece2013,533,10431289,239862011450
Greece2014,565,10380547,237029579261
Greece2015,529,10331286,195541761243
Grenada1985,1,85375,167728444
Grenada1988,4,87300,236357519
Grenada1989,4,81805,267327630
Grenada1990,2,82000,278098778
Grenada1991,0,82400,300757889
Grenada1992,0,83528,310160444
Grenada1993,3,85304,309812185
Grenada1994,4,87036,325111815
Grenada1995,1,88433,342172519
Grenada1996,1,89772,366911444
Grenada2001,0,91415,520444185
Grenada2002,0,91908,540336926
Grenada2003,4,92567,591018407
Grenada2004,1,93202,599118593
Grenada2005,6,93685,695370296
Grenada2006,1,94126,698700667
Grenada2007,3,94418,758683593
Grenada2008,0,94585,825977889
Grenada2009,0,94746,771278111
Grenada2010,0,94980,771015889
Grenada2011,1,95102,778648667
Grenada2012,2,95426,799882148
Grenada2013,0,95876,842620111
Grenada2014,0,96393,911481481
Grenada2015,0,96892,997007926
Grenada2016,0,79012,1056188593
Guatemala1986,203,6924188,7231963516
Guatemala1987,241,7108740,7084399840
Guatemala1988,174,7300076,7841602824
Guatemala1989,152,7493108,8410724361
Guatemala1990,158,7683992,7650125217
Guatemala1991,156,7880665,9406097735
Guatemala1992,173,8069672,10440842165
Guatemala1993,165,8254958,11399942453
Guatemala1994,142,8443914,12983235568
Guatemala1995,211,8641512,14655404433
Guatemala1996,157,8832326,15674835615
Guatemala1997,179,9044205,17790026222
Guatemala1998,201,9273529,19395491993
Guatemala1999,234,9512666,18318412251
Guatemala2000,182,9755585,19288827159
Guatemala2001,202,10015097,18702802395
Guatemala2002,258,10277166,20776669467
Guatemala2003,253,10542980,21917706491
Guatemala2004,250,10817808,23965275996
Guatemala2005,238,11104906,27211377225
Guatemala2006,298,11397134,30231249362
Guatemala2007,327,11708397,34113107086
Guatemala2008,492,12032885,39136893345
Guatemala2009,511,12359945,37733994976
Guatemala2010,352,12682151,41338595381
Guatemala2011,359,13017342,47654841113
Guatemala2012,420,13335425,50388454861
Guatemala2013,455,13641878,53851058955
Guatemala2014,512,13947190,58722323918
Guatemala2015,494,14258397,63767597194
Guyana1988,56,654894,413799990
Guyana1989,94,654104,379779390
Guyana1990,89,653426,396582263
Guyana1991,105,654620,336708419
Guyana1992,78,656713,368281379
Guyana1993,72,658831,442273433
Guyana1994,86,660582,540874934
Guyana1995,99,661682,621626786
Guyana1996,60,659048,705406001
Guyana1997,40,657584,749138010
Guyana1998,35,657089,717530683
Guyana1999,163,657094,694754988
Guyana2001,197,660426,696281472
Guyana2002,176,662839,722460886
Guyana2003,198,664705,741929343
Guyana2004,186,666308,785918770
Guyana2005,169,667709,824880550
Guyana2006,201,668408,1458449453
Guyana2007,185,668788,1740334782
Guyana2008,168,669253,1922598121
Guyana2009,156,670155,2061323854
Guyana2010,205,671825,2273225042
Guyana2011,192,675283,2576024116
Guyana2012,206,679356,2861562266
Guyana2013,210,683867,2990006534
Hungary1991,3993,9757766,34748508332
Hungary1992,4000,9754956,38724945368
Hungary1993,3694,9747902,40119073326
Hungary1994,3625,9740817,43160392124
Hungary1995,3366,9737248,46418916500
Hungary1996,3436,9737250,46659796773
Hungary1997,3208,9737781,47290180589
Hungary1998,3245,9734373,48770466839
Hungary1999,3326,9553064,49170434391
Hungary2000,3269,9527034,47310623887
Hungary2001,2978,9704598,53821315066
Hungary2002,2839,9680164,67716887203
Hungary2003,2800,9652533,85324771841
Hungary2004,2742,9630044,104066609518
Hungary2005,2619,9608943,113035361317
Hungary2006,2461,9591110,115295199392
Hungary2007,2450,9572938,139850794387
Hungary2008,2476,9552784,157998423132
Hungary2009,2460,9534237,130593960612
Hungary2010,2489,9514005,130922638689
Hungary2011,2420,9495011,140782064609
Hungary2012,2349,9453181,127856647108
Hungary2013,2092,9433840,135215704419
Hungary2014,1925,9412788,140118140455
Hungary2015,1868,9389519,122879042002
Hungary2016,1761,8390370,125816640421
Iceland1985,32,220100,2939845038
Iceland1986,37,222300,3930518366
Iceland1987,36,225600,5438537482
Iceland1988,35,229200,6016168896
Iceland1989,22,232000,5588533007
Iceland1990,40,233300,6372905073
Iceland1991,37,235900,6807365898
Iceland1992,28,238000,6976080331
Iceland1993,26,240500,6126456175
Iceland1994,25,242700,6294803497
Iceland1995,27,244700,7018100153
Iceland1996,33,246500,7330965239
Iceland1997,33,248929,7548912105
Iceland1998,30,252253,8453704212
Iceland1999,31,255820,8917286036
Iceland2000,50,259723,8927140438
Iceland2001,36,263738,8136345144
Iceland2002,30,266455,9207689916
Iceland2003,26,268330,11316441660
Iceland2004,35,271588,13722824251
Iceland2005,33,274929,16691490114
Iceland2006,32,282999,17048647568
Iceland2007,37,289712,21319946740
Iceland2008,38,296836,17658408759
Iceland2009,36,296204,12944114736
Iceland2010,46,294620,13310567803
Iceland2011,27,295475,14732689535
Iceland2012,37,297238,14292008745
Iceland2013,49,300456,15548321544
Iceland2014,44,304472,17304033021
Iceland2015,40,308554,16942247374
Iceland2016,40,268773,20304098101
Ireland1985,276,3208200,21295486383
Ireland1986,282,3216700,28748960471
Ireland1987,245,3229700,33961142322
Ireland1988,266,3233500,37818134253
Ireland1989,278,3223200,39285385088
Ireland1990,334,3224000,49364681256
Ireland1991,345,3252100,49847128533
Ireland1992,362,3283400,55985506499
Ireland1993,326,3306500,52480253169
Ireland1994,394,3326000,57166037102
Ireland1995,403,3345900,69222626263
Ireland1996,408,3375800,75880632560
Ireland1997,466,3414285,82826146132
Ireland1998,498,3449415,90082034316
Ireland1999,424,3481871,98691849563
Ireland2000,463,3523376,99853528653
Ireland2001,488,3573974,109133512304
Ireland2002,449,3639573,127945379258
Ireland2003,454,3694079,164285112867
Ireland2004,464,3752679,193870350137
Ireland2005,451,3833357,211650764830
Ireland2006,452,3937578,232085535065
Ireland2007,458,4026707,269917519847
Ireland2008,506,4094192,275020023436
Ireland2009,527,4117667,236311336482
Ireland2010,486,4264857,221951354762
Ireland2011,554,4218849,239018536582
Ireland2012,542,4220806,225571853194
Ireland2013,487,4227378,239389340720
Ireland2014,486,4328043,258099014042
Israel1985,234,3753500,27493591484
Israel1986,278,3813500,34083532195
Israel1987,271,3878100,40946424370
Israel1988,303,3947300,50078767903
Israel1989,353,4021100,49881433991
Israel1990,304,4156100,58986997917
Israel1991,359,4423200,67530220219
Israel1992,381,4588900,75575902932
Israel1993,371,4717000,75954641355
Israel1994,416,4844900,86307135997
Israel1995,360,4977700,100343219507
Israel1996,306,5103700,109957321960
Israel1997,379,5233500,114724862034
Israel1998,318,5360200,115979230547
Israel1999,368,5497047,117189920212
Israel2000,394,5643291,132339311284
Israel2001,398,5777467,130706147871
Israel2002,382,5895508,121069378150
Israel2003,417,6003127,126864966909
Israel2004,411,6109931,135445033199
Israel2005,425,6220861,142462925574
Israel2006,367,6334485,153966916311
Israel2007,326,6448814,178706717753
Israel2008,354,6565602,215840354627
Israel2009,404,6731835,207419370241
Israel2010,480,6849825,233609522091
Israel2011,409,6971495,261628548084
Israel2012,430,7095360,257296579579
Israel2013,372,7226008,292489185194
Israel2014,382,7366252,308416982140
Israel2015,342,7516180,299093839690
Italy1985,4759,54114700,450725816043
Italy1986,4691,54267500,638273986102
Italy1987,4516,54424100,803055418883
Italy1988,4381,54579700,888667913419
Italy1989,4342,54697200,925598068021
Italy1990,4402,54831700,1177326294441
Italy1991,4453,54465500,1242109397534
Italy1992,4543,54154898,1315806985860
Italy1993,4697,54140523,1061445225791
Italy1994,4536,54143049,1095590833694
Italy1995,4569,54141172,1170787352906
Italy1996,4689,54150332,1308929351236
Italy1997,4694,54181477,1239050932242
Italy1998,4504,54250592,1266309245009
Italy1999,4115,54280527,1248563179203
Italy2000,4108,54298946,1141759996315
Italy2001,4030,54333844,1162317852349
Italy2002,4069,54526842,1266510634293
Italy2003,4075,54937570,1569649661400
Italy2004,3986,54988156,1798314750435
Italy2005,3742,55244690,1852661982341
Italy2006,3700,56180672,1942633797516
Italy2007,3757,56583578,2203053380783
Italy2008,3904,57009825,2390729163615
Italy2009,3974,57351830,2185160183384
Italy2010,3989,57637843,2125058244243
Italy2011,4153,56610149,2276292404601
Italy2012,4257,56795085,2072823157060
Italy2013,4290,57503331,2130491320659
Italy2014,4147,58100676,2151732868243
Italy2015,3988,58117697,1832868490534
Jamaica1985,8,2035000,2100223150
Jamaica1986,1,2052531,2754566176
Jamaica1987,13,2070760,3286987552
Jamaica1988,5,2090603,3828310735
Jamaica1989,0,2111039,4404970059
Jamaica1990,3,2131041,4592224067
Jamaica1991,1,2154835,4071219198
Jamaica2000,3,2367841,8985352832
Jamaica2001,5,2391278,9178016493
Jamaica2002,2,2415717,9694169757
Jamaica2003,2,2440426,9399447609
Jamaica2004,1,2464408,10150978155
Jamaica2005,51,2487169,11204416000
Jamaica2006,0,2512597,11905525197
Jamaica2009,36,2568883,12038829246
Jamaica2010,3,2586652,13191645686
Jamaica2011,50,2601037,14439910353
Japan1985,23257,112809200,1398892744821
Japan1986,25484,113679000,2078953333674
Japan1987,23663,114416000,2532808573157
Japan1988,22676,115101000,3071683013179
Japan1989,21013,115766000,3054914166263
Japan1990,20002,116251400,3132817652848
Japan1991,19780,116802000,3584420077101
Japan1992,20756,117311000,3908809463464
Japan1993,20353,117735000,4454143876947
Japan1994,20744,118064000,4907039384470
Japan1995,21249,118349500,5449116304981
Japan1996,21967,118785000,4833712542207
Japan1997,23280,119060000,4414732843544
Japan1998,31458,119338000,4032509760873
Japan1999,31115,119540000,4562078822335
Japan2000,29989,119752660,4887519660745
Japan2001,29132,120066000,4303544259843
Japan2002,29715,120189000,4115116279070
Japan2003,31881,120395000,4445658071222
Japan2004,30034,120500000,4815148854362
Japan2005,30369,120657507,4755410630912
Japan2006,29769,120702000,4530377224970
Japan2007,30665,120704000,4515264514431
Japan2008,30073,120602000,5037908465114
Japan2009,30523,120496000,5231382674594
Japan2010,29411,121127267,5700098114744
Japan2011,28766,120927000,6157459594824
Japan2012,26338,120735000,6203213121334
Japan2013,25991,120514000,5155717056271
Japan2014,24357,120274000,4850413536038
Japan2015,23092,120376310,4394977752878
Kazakhstan1990,3172,14773900,26932728899
Kazakhstan1991,3082,14952800,24881135586
Kazakhstan1992,3356,15150100,24906939560
Kazakhstan1993,4019,15331400,23409027476
Kazakhstan1994,4024,15229600,21250839258
Kazakhstan1995,4706,14989600,20374307047
Kazakhstan1996,4773,14487700,21035357833
Kazakhstan1997,4642,14394600,22165932063
Kazakhstan1998,4313,13844200,22135245413
Kazakhstan1999,3991,13773400,16870817135
Kazakhstan2000,4428,13772422,18291990619
Kazakhstan2001,4377,13772696,22152694162
Kazakhstan2002,4240,13777476,24636593223
Kazakhstan2003,4321,13811863,30833699703
Kazakhstan2004,4394,13873328,43151647003
Kazakhstan2005,3903,13947770,57123671734
Kazakhstan2006,4076,14037676,81003884545
Kazakhstan2007,4141,14125606,104849886826
Kazakhstan2008,3997,14216053,133441612247
Kazakhstan2009,3838,14370635,115308661143
Kazakhstan2010,3609,14713167,148047348241
Kazakhstan2011,3401,14853350,192626507972
Kazakhstan2012,3240,15023549,207998568866
Kazakhstan2013,3512,15215382,236634552078
Kazakhstan2014,3119,15428844,221415572820
Kazakhstan2015,2872,15646752,184388432149
Kiribati1991,10,61855,47515189
Kiribati1992,4,62856,47737955
Kiribati1993,12,63848,46919625
Kiribati1994,10,64871,54832578
Kiribati1995,2,65923,56338028
Kiribati1996,6,67126,66515377
Kiribati1997,5,68328,67537480
Kiribati1998,4,69570,65334841
Kiribati1999,0,70938,69032258
Kiribati2000,0,72440,67254174
Kiribati2001,0,73851,63101272
Kuwait1985,17,1468000,21442619681
Kuwait1986,16,1535300,17903681693
Kuwait1987,16,1606300,22365734482
Kuwait1993,18,1273600,23941391391
Kuwait1994,30,1448000,24848483838
Kuwait1995,26,1511100,27191689008
Kuwait1996,30,1568700,31493987642
Kuwait1997,33,1617500,30354434553
Kuwait1998,35,1825766,25941929462
Kuwait1999,46,1898700,30121879435
Kuwait2000,34,1973153,37711864407
Kuwait2001,30,2038530,34890772742
Kuwait2002,45,2158603,38137545245
Kuwait2003,44,1950622,47875838926
Kuwait2004,45,1996086,59440108585
Kuwait2005,52,2062968,80797945205
Kuwait2006,45,2165713,101550654721
Kuwait2007,51,3074918,114641097818
Kuwait2008,47,3369394,147395833333
Kuwait2009,61,3165654,105899930507
Kuwait2010,39,3281614,115419050942
Kuwait2011,41,3333698,154027536232
Kuwait2012,56,3496698,174070025009
Kuwait2013,41,3574090,174161142454
Kuwait2014,68,3715284,162631412509
Kyrgyzstan1990,547,3737300,2674000000
Kyrgyzstan1991,543,3796500,2570833333
Kyrgyzstan1992,491,3839300,2316562500
Kyrgyzstan1993,563,3841200,2028295455
Kyrgyzstan1994,581,3851100,1681006993
Kyrgyzstan1995,605,3905400,1661018519
Kyrgyzstan1996,480,3978800,1827570586
Kyrgyzstan1997,496,4059900,1767864036
Kyrgyzstan1998,509,4139700,1645963750
Kyrgyzstan1999,556,4298100,1249062025
Kyrgyzstan2000,510,4369202,1369693171
Kyrgyzstan2001,560,4425784,1525112242
Kyrgyzstan2002,567,4473163,1605640633
Kyrgyzstan2003,479,4520843,1919012781
Kyrgyzstan2004,438,4572278,2211535312
Kyrgyzstan2005,470,4614533,2460248026
Kyrgyzstan2006,463,4646475,2834168889
Kyrgyzstan2007,482,4668640,3802566171
Kyrgyzstan2008,473,4690924,5139957785
Kyrgyzstan2009,458,4800134,4690062255
Kyrgyzstan2010,500,4837556,4794357795
Kyrgyzstan2011,471,4870538,6197766119
Kyrgyzstan2012,524,4932360,6605139933
Kyrgyzstan2013,446,5012200,7335027592
Kyrgyzstan2014,461,5096430,7468096567
Kyrgyzstan2015,417,5195827,6678178340
Latvia1995,1024,2374700,5788368511
Latvia1996,922,2363400,5970044666
Latvia1997,886,2354700,6525676264
Latvia1998,839,2344100,7174985107
Latvia1999,763,2333400,7533187605
Latvia2000,770,2272107,7937758980
Latvia2001,708,2242227,8350252966
Latvia2002,670,2214484,9546441564
Latvia2003,604,2190211,11748433157
Latvia2004,563,2163477,14373269156
Latvia2005,564,2137831,16922504045
Latvia2006,487,2115215,21447021570
Latvia2007,453,2093878,30901399261
Latvia2008,527,2067529,35596016664
Latvia2009,516,2030316,26169854045
Latvia2010,438,1987906,23757368290
Latvia2011,440,1953611,28223552825
Latvia2012,444,1931521,28119996053
Latvia2013,383,1912464,30254677297
Latvia2014,382,1894041,31335013752
Latvia2015,387,1875522,26972863394
Lithuania1995,1694,3387149,7870782261
Lithuania1996,1722,3375163,8385109020
Lithuania1997,1632,3364273,10120274493
Lithuania1998,1553,3350973,11240360898
Lithuania1999,1550,3333452,10972878636
Lithuania2000,1631,3315125,11539211480
Lithuania2001,1533,3294138,12252498921
Lithuania2002,1551,3274488,14278357284
Lithuania2003,1455,3254127,18802576988
Lithuania2004,1380,3222969,22649930576
Lithuania2005,1319,3174728,26125575942
Lithuania2006,1049,3125767,30216060233
Lithuania2007,1025,3087867,39738180077
Lithuania2008,1111,3053756,47850551149
Lithuania2009,1138,3016497,37440673478
Lithuania2010,1018,2949737,37120517694
Lithuania2011,1018,2879805,43476873413
Lithuania2012,927,2837770,42848195256
Lithuania2013,1085,2806627,46417340375
Lithuania2014,930,2781577,48516371721
Lithuania2015,896,2753926,41508609233
Lithuania2016,822,2445296,42773029835
Luxembourg1985,55,344800,4738559685
Luxembourg1986,51,346000,6921264132
Luxembourg1987,74,349400,8614215559
Luxembourg1988,69,352300,9750161053
Luxembourg1989,73,355400,10391504709
Luxembourg1990,68,358800,13229247948
Luxembourg1991,77,362900,14321878795
Luxembourg1992,59,367300,16065740778
Luxembourg1993,64,372000,16486900187
Luxembourg1994,74,377000,18325791415
Luxembourg1995,63,382100,21588170498
Luxembourg1996,72,387700,21776609772
Luxembourg1997,81,392600,19731912494
Luxembourg1998,64,397915,20209122027
Luxembourg1999,70,403890,22235929043
Luxembourg2000,62,410164,21263514833
Luxembourg2001,73,413930,21272418792
Luxembourg2002,85,418106,23616328816
Luxembourg2003,48,423654,29557325056
Luxembourg2004,62,430128,34685281848
Luxembourg2005,49,437338,37347394603
Luxembourg2006,65,444821,42414308117
Luxembourg2007,78,452012,50888134410
Luxembourg2008,43,460371,55849686539
Luxembourg2009,48,469209,51370543206
Luxembourg2010,54,477979,53212476812
Luxembourg2011,55,488918,60004630234
Luxembourg2012,51,501044,56677961787
Luxembourg2013,40,512689,61739352212
Luxembourg2014,67,524940,66327344189
Luxembourg2015,64,537748,57784495265
Macau1994,27,346542,6265844252
Maldives2000,0,247387,624337145
Maldives2001,3,255503,870179739
Maldives2002,3,263747,897031250
Maldives2003,4,272110,1052121055
Maldives2004,1,280526,1226829563
Maldives2005,1,288936,1163362438
Maldives2007,5,305536,1868383461
Maldives2008,0,313924,2271646188
Maldives2010,1,331559,2588176055
Maldives2011,2,341018,2774351760
Malta1985,2,307200,1117835286
Malta1986,1,315800,1435079200
Malta1987,1,317400,1751247763
Malta1988,9,320800,2019474244
Malta1989,23,324000,2118574772
Malta1990,8,327400,2547163582
Malta1991,10,330800,2750041434
Malta1992,18,334300,3021910217
Malta1993,16,337700,2709178327
Malta1994,15,341700,2998570147
Malta1995,17,344900,3439931907
Malta1996,10,348200,3570271558
Malta1997,15,350400,3705372039
Malta1998,12,353400,3923637971
Malta1999,27,355600,4127313818
Malta2000,23,362676,4306192436
Malta2001,30,370541,4331870648
Malta2002,19,374456,4689832690
Malta2003,20,377785,5456583589
Malta2004,24,380918,6062780269
Malta2005,19,384111,6394851387
Malta2006,26,386038,6757119558
Malta2007,26,387581,7880509171
Malta2008,14,390195,8977149553
Malta2009,36,393102,8528202278
Malta2010,31,394949,8741059603
Malta2011,20,396423,9507645260
Malta2012,25,399138,9209559296
Malta2013,22,402728,10145114180
Malta2014,32,406525,11234045376
Malta2015,34,410637,10574026838
Mauritius1985,104,883400,1080642033
Mauritius1986,28,898100,1469046115
Mauritius1987,140,911300,1888754655
Mauritius1988,167,925000,2143484488
Mauritius1989,144,932900,2191096860
Mauritius1990,147,941100,2653480001
Mauritius1991,137,938100,2856890681
Mauritius1992,146,948300,3224267548
Mauritius1993,138,958300,3263368410
Mauritius1994,129,972800,3558137040
Mauritius1995,147,981900,4040345933
Mauritius1996,153,995000,4421943910
Mauritius1997,122,1011700,4187367602
Mauritius1998,155,1026300,4169664285
Mauritius1999,174,1042400,4291172816
Mauritius2000,137,1056073,4582555125
Mauritius2001,113,1068947,4536538211
Mauritius2002,131,1079755,4767303154
Mauritius2003,88,1092234,5609831328
Mauritius2004,97,1103091,6385695187
Mauritius2005,102,1113942,6283803256
Mauritius2006,118,1125301,7028803366
Mauritius2007,127,1135233,8150138757
Mauritius2008,84,1146258,9990370016
Mauritius2009,115,1159551,9128843109
Mauritius2010,98,1164931,10003670690
Mauritius2011,118,1173352,11518393367
Mauritius2012,115,1180547,11668685524
Mauritius2013,98,1147390,12129642296
Mauritius2014,120,1151424,12803445934
Mauritius2015,104,1154848,11692287066
Mauritius2016,98,992432,12232463656
Mexico1985,1544,67566000,184472557415
Mexico1986,1714,69123500,129440993789
Mexico1987,1701,67948100,140263387027
Mexico1988,1703,69646000,183144164357
Mexico1989,1865,71359000,222977046516
Mexico1990,1926,73076900,262709948091
Mexico1991,2103,74796300,314454015372
Mexico1992,2237,75285800,363609163462
Mexico1993,2342,76826800,500736065605
Mexico1994,2588,78374100,527813238126
Mexico1995,2877,79927100,360073909244
Mexico1996,3008,83802294,410975595310
Mexico1997,3350,85340880,500413483109
Mexico1998,3312,86825678,526502129378
Mexico1999,3327,88271977,600232874043
Mexico2000,3456,89694793,707906744575
Mexico2001,3760,91052714,756706300590
Mexico2002,3826,92394316,772106378935
Mexico2003,4070,93758859,729336319677
Mexico2004,4056,95193068,782240601985
Mexico2005,4274,96730008,877476221382
Mexico2006,4230,98468839,975387131716
Mexico2007,4285,100294297,1052696282279
Mexico2008,4642,102170587,1109989038339
Mexico2009,5023,104044342,900045362045
Mexico2010,4858,105875861,1057801282051
Mexico2011,5558,107655100,1180489563964
Mexico2012,5381,109368765,1201090018604
Mexico2013,5711,111036708,1274443078609
Mexico2014,6178,112692589,1314385330073
Mexico2015,6234,114357884,1169622672463
Mongolia2016,423,2167589,11183458131
Montenegro2000,0,578668,984297589
Montenegro2001,0,578668,1159869246
Montenegro2002,0,578668,1284685051
Montenegro2003,0,579688,1707710053
Montenegro2004,0,581623,2073234418
Montenegro2005,118,583232,2257174481
Montenegro2006,0,584885,2721904403
Montenegro2007,121,587244,3680710375
Montenegro2008,126,589953,4545674528
Montenegro2009,107,592234,4159330370
Netherlands1985,1638,13618300,142009922306
Netherlands1986,1604,13695500,198298498021
Netherlands1987,1616,13777000,241918791123
Netherlands1988,1523,13855700,258567751143
Netherlands1989,1520,13929300,255039560740
Netherlands1990,1450,14014300,314267667675
Netherlands1991,1611,14114800,323320449906
Netherlands1992,1587,14216900,358330385840
Netherlands1993,1555,14313600,349037818106
Netherlands1994,1584,14397700,374291430318
Netherlands1995,1511,14474000,446528959649
Netherlands1996,1577,14553700,445704575163
Netherlands1997,1572,14639900,412199006099
Netherlands1998,1519,14734600,432476116419
Netherlands1999,1519,14832000,441975282335
Netherlands2000,1501,14933235,412807259996
Netherlands2001,1474,15038337,426573601790
Netherlands2002,1570,15130318,465368906456
Netherlands2003,1502,15203397,571863431151
Netherlands2004,1514,15265861,650532654582
Netherlands2005,1574,15320595,678533764457
Netherlands2006,1525,15368697,726649102998
Netherlands2007,1354,15425404,839419655078
Netherlands2008,1439,15506963,936228211513
Netherlands2009,1530,15602176,857932759100
Netherlands2010,1604,15691409,836389937229
Netherlands2011,1650,15772162,893757287202
Netherlands2012,1756,15839503,828946812397
Netherlands2013,1856,15899508,866680000367
Netherlands2014,1839,15899508,879635084125
Netherlands2015,1873,16057342,757999453314
Netherlands2016,1886,14239554,777227541581
New Zealand1985,338,3025800,24950895141
New Zealand1986,414,3026100,30604668357
New Zealand1987,463,3047100,40338594862
New Zealand1988,484,3055200,45493075684
New Zealand1989,465,3063800,44170562822
New Zealand1990,455,3089400,45519034244
New Zealand1991,474,3203900,42756020707
New Zealand1992,493,3235600,41636005955
New Zealand1993,443,3273200,46712018141
New Zealand1994,512,3319500,55154160816
New Zealand1995,545,3373800,63918039320
New Zealand1996,540,3432500,70140835299
New Zealand1997,562,3470200,66074513018
New Zealand1998,574,3502800,56227696195
New Zealand1999,516,3549300,58762260626
New Zealand2000,458,3573690,52622842840
New Zealand2001,508,3599090,53872425917
New Zealand2002,467,3659190,66627729311
New Zealand2003,519,3729420,88250885550
New Zealand2004,495,3802510,103904537815
New Zealand2005,514,3849280,114718721397
New Zealand2006,527,3898600,111608845081
New Zealand2007,494,3935450,137316087308
New Zealand2008,520,3968450,133279679483
New Zealand2009,512,4009980,121338622025
New Zealand2010,536,4055470,146583831538
New Zealand2011,493,4090460,168461998741
New Zealand2012,549,4120870,176192886551
New Zealand2013,513,4129770,190785204764
Nicaragua2010,351,5107427,8758622329
Nicaragua2011,369,5177921,9774316692
Nicaragua2012,316,5251443,10532001130
Nicaragua2013,351,5326935,10982972256
Nicaragua2014,311,5402424,11880438824
Nicaragua2015,315,5476483,12611087031
Norway1986,579,3911700,78693253276
Norway1987,649,3929500,94230055659
Norway1988,708,3946600,101900260856
Norway1989,660,3955800,102633789558
Norway1990,659,3961300,119791683308
Norway1991,675,3972600,121872464483
Norway1992,616,3989800,130838040068
Norway1993,590,4010500,120579072751
Norway1994,531,4033300,127131461120
Norway1995,548,4055900,152027402450
Norway1996,517,4078000,163517783497
Norway1997,533,4102100,161354369893
Norway1998,548,4129400,154165219812
Norway1999,583,4159745,162286003693
Norway2000,541,4168315,171315639983
Norway2001,549,4215103,174003247439
Norway2002,494,4243689,195418347153
Norway2003,502,4273124,228752436372
Norway2004,529,4301960,264357494659
Norway2005,533,4335092,308722079938
Norway2006,532,4372103,345424664369
Norway2007,485,4417369,401082621083
Norway2008,505,4472089,462554432624
Norway2009,573,4527536,386622457580
Norway2010,548,4582885,429130952709
Norway2011,598,4643300,498831558926
Norway2012,515,4706585,510229136227
Norway2013,554,4767605,523502127660
Norway2014,548,4827178,499338534779
Norway2015,590,4882909,386663139403
Oman2009,13,2607549,48388296489
Oman2010,13,2748440,58642392718
Oman2014,7,3631098,81076723017
Panama1985,56,1899700,6541517100
Panama1986,82,1939900,6797834200
Panama1987,85,1980800,6827665300
Panama1988,87,2064310,5902783400
Panama1989,70,2112479,5918469800
Panama1996,113,2472851,9870494000
Panama1997,145,2526210,10677286100
Panama1998,148,2579433,11575486400
Panama1999,143,2633348,12130252200
Panama2000,143,2688510,12304115000
Panama2001,162,2742982,12502013400
Panama2002,160,2800046,12994310400
Panama2003,195,2858964,13693981200
Panama2004,186,2918453,15013381700
Panama2005,172,2977595,16374393900
Panama2006,185,3037959,18141666300
Panama2007,171,3097138,21295984200
Panama2008,186,3155636,25155888600
Panama2009,177,3214513,27116635600
Panama2010,151,3274415,29440287600
Panama2011,144,3334191,34686224300
Panama2012,135,3395244,40429734400
Panama2013,130,3457387,45599994000
Panama2014,147,3520213,49921464400
Panama2015,110,3583382,54315722500
Paraguay1985,63,3077314,2966234106
Paraguay1986,56,3167535,3439716562
Paraguay1987,62,3261975,3778316380
Paraguay1989,67,3459176,4599970618
Paraguay1990,99,3560229,5695201563
Paraguay1991,75,3662812,6984367763
Paraguay1994,108,3972517,7870982171
Paraguay1995,118,4076758,9062131308
Paraguay1996,99,4181422,9788391733
Paraguay1997,126,4284973,9965225497
Paraguay1998,138,4388094,9024567484
Paraguay1999,161,4492220,8392549702
Paraguay2000,154,4598158,8195993231
Paraguay2001,152,4701314,7662595076
Paraguay2002,177,4809921,6325151760
Paraguay2003,174,4920489,6588103836
Paraguay2004,234,5027301,8033877360
Paraguay2005,239,5126457,8734653809
Paraguay2006,251,5223460,10646157920
Paraguay2007,227,5307169,13794910634
Paraguay2008,222,5382169,18504130753
Paraguay2009,283,5456220,15929902138
Paraguay2010,223,5534703,20030528043
Paraguay2011,298,5610499,25099681461
Paraguay2012,275,5695283,24595319574
Paraguay2013,323,5786207,28965906502
Paraguay2014,379,5877594,30881166852
Philippines1992,347,55304684,52976344929
Philippines1993,846,56781569,54368083953
Philippines1997,814,62772694,82344260571
Philippines1998,883,64252614,72207028767
Philippines1999,1043,65740201,82995145792
Philippines2000,1403,67243482,81026300311
Philippines2001,1204,68738092,76262072468
Philippines2002,1301,70256443,81357605642
Philippines2003,1544,71781489,83908206648
Philippines2006,1788,76435755,122210716310
Philippines2007,1698,78008654,149359918060
Philippines2008,1820,79595888,174195136253
Philippines2009,2074,81193855,168334601260
Philippines2010,2116,82760992,199590775189
Philippines2011,2449,84201767,224143083707
Poland1990,4970,35164800,65977749037
Poland1991,5316,35396300,85500935935
Poland1992,5713,35605400,94337050693
Poland1993,5624,35792600,96045645026
Poland1994,5519,35960000,110803391517
Poland1995,5499,36104900,142137319588
Poland1996,5446,36243300,159942880457
Poland1999,5779,36575200,169717677901
Poland2000,5841,36233344,171885598583
Poland2001,5855,36295390,190521263343
Poland2002,5925,36347498,198680637255
Poland2003,5836,36353775,217513049292
Poland2004,6072,36371596,255102252843
Poland2005,6045,36371365,306125173853
Poland2006,5805,36348232,344748646558
Poland2007,5284,36310843,429063549984
Poland2008,5682,36262711,533815789474
Poland2009,6477,36223402,439796160379
Poland2010,6357,36027791,479321460551
Poland2011,6113,36008237,528832185770
Poland2012,6368,36013446,500360816828
Poland2013,6218,36023694,524234322597
Poland2014,5934,36059630,545179584720
Poland2015,5420,36086575,477355617456
Portugal1985,983,9313930,27118476174
Portugal1986,941,9349248,38749715722
Portugal1987,960,9378989,48187667853
Portugal1988,819,9400481,56352797354
Portugal1989,747,9415270,60600056659
Portugal1990,870,9420814,78721607509
Portugal1991,942,9410507,89242382961
Portugal1992,866,9401557,107602689041
Portugal1993,780,9410082,95019103603
Portugal1994,762,9436009,99698453261
Portugal1995,809,9473844,118133634072
Portugal1996,653,9515960,122629812841
Portugal1997,628,9564579,117046198971
Portugal1998,556,9617110,123981736420
Portugal1999,545,9671357,127465545493
Portugal2000,524,9740085,118358489958
Portugal2001,761,9809536,121545880984
Portugal2002,1210,9859832,134228697534
Portugal2003,1156,9895009,164964195260
Portugal2007,1020,10005713,240169336162
Portugal2008,1038,10030640,262007590450
Portugal2009,1025,10049918,243745748819
Portugal2010,1099,10066628,238303443425
Portugal2011,1017,10062815,244895101712
Portugal2012,1076,10029396,216368178659
Portugal2013,1052,9985074,226073492966
Portugal2014,1222,9944433,229629822122
Puerto Rico1985,269,3082500,20289200000
Puerto Rico1986,310,3143200,22009300000
Puerto Rico1987,272,3189400,24025800000
Puerto Rico1988,314,3235600,26385800000
Puerto Rico1989,327,3283800,28161200000
Puerto Rico1990,371,3204000,30603919000
Puerto Rico1991,355,3237200,32287031000
Puerto Rico1992,314,3287900,34630430000
Puerto Rico1993,345,3312472,36922456000
Puerto Rico1994,355,3343624,39690630000
Puerto Rico1995,289,3375154,42647331000
Puerto Rico1996,331,3401823,45340835000
Puerto Rico1997,273,3432757,48187039000
Puerto Rico1998,321,3464834,54086400000
Puerto Rico1999,289,3492721,57841000000
Puerto Rico2000,305,3511947,61701800000
Puerto Rico2001,289,3522212,69208400000
Puerto Rico2002,239,3523951,71623500000
Puerto Rico2003,262,3519026,74827400000
Puerto Rico2004,279,3511462,80322313000
Puerto Rico2005,289,3504599,83914521300
Puerto Rico2006,265,3499036,87276164400
Puerto Rico2007,271,3493631,89524131600
Puerto Rico2008,300,3488811,93639316000
Puerto Rico2009,330,3484474,96385638000
Puerto Rico2010,286,3480379,98381268000
Puerto Rico2011,258,3475298,100351670000
Puerto Rico2012,248,3472672,101564800000
Puerto Rico2013,241,3471665,102450000000
Puerto Rico2014,220,3470956,102445800000
Puerto Rico2015,226,3469521,103143500000
Qatar1995,0,463449,8137911978
Qatar2001,23,539483,17538461538
Qatar2004,21,697191,31734065934
Qatar2005,17,796618,44530494505
Qatar2006,29,940090,60882142857
Qatar2007,41,1115479,79712087912
Qatar2008,33,1310465,115270054945
Qatar2009,44,1506649,97798351648
Qatar2010,47,1689592,125122306346
Qatar2011,50,1854081,167775274725
Qatar2012,43,2003149,186833516484
Qatar2013,37,2135349,198727747253
Qatar2014,55,2251682,206224725275
Qatar2015,66,2354147,164641483516
Qatar2016,68,2213121,152451923077
Republic of Korea1985,3689,36716700,100273097170
Republic of Korea1986,3458,37540400,115537126326
Republic of Korea1987,3301,38114900,146133338196
Republic of Korea1988,2949,38700500,196964195387
Republic of Korea1989,3023,39171500,243526047717
Republic of Korea1990,3159,39589500,279349355714
Republic of Korea1991,3069,39993700,325734233313
Republic of Korea1992,3533,40371200,350051111253
Republic of Korea1993,4124,40754800,386302839274
Republic of Korea1994,4212,41145300,455602962225
Republic of Korea1995,4841,42076400,556130926913
Republic of Korea1996,5857,42507100,598099073901
Republic of Korea1997,6024,42956100,557503074772
Republic of Korea1998,8569,43395700,374241351752
Republic of Korea1999,7075,43817300,485248229337
Republic of Korea2000,6444,44271743,561633125840
Republic of Korea2001,6911,44710865,533052076314
Republic of Korea2002,8611,45110041,609020054512
Republic of Korea2003,10898,45455888,680520724062
Republic of Korea2004,11492,45779970,764880644711
Republic of Korea2005,12011,46151884,898137194716
Republic of Korea2006,10653,46513964,1011797457139
Republic of Korea2007,12174,46814207,1122679154632
Republic of Korea2008,12858,47101747,1002219052968
Republic of Korea2009,15402,47380017,901934953365
Republic of Korea2010,15558,47598615,1094499338703
Republic of Korea2011,15906,47798017,1202463682634
Republic of Korea2012,14159,48020985,1222807284485
Republic of Korea2013,14426,48248224,1305604981272
Republic of Korea2014,13834,48465917,1411333926201
Republic of Korea2015,13510,48671752,1382764027114
Romania1989,2529,21344500,42105263158
Romania1990,2079,21401900,38995454545
Romania1991,2161,21458000,28998684211
Romania1992,2650,21227100,25121666667
Romania1993,2774,21307600,26362894737
Romania1994,2887,21386000,30074440483
Romania1995,2793,21451300,37662075750
Romania1996,2828,21397300,37182938696
Romania1997,2859,21369000,35838588170
Romania1998,2838,21338400,41976002704
Romania1999,2736,21310800,36183003978
Romania2000,2836,21290400,37438527800
Romania2001,2720,21272887,40716836998
Romania2002,3067,20700580,46174557556
Romania2003,2894,20656841,59867801205
Romania2004,2720,20610767,76216441462
Romania2005,2603,20569960,99697566668
Romania2006,2721,20526561,123533036668
Romania2007,2430,20475026,175933642292
Romania2008,2472,20433803,213605065703
Romania2009,2586,20390882,172611845342
Romania2010,2766,20348649,166658327827
Romania2011,2536,20291701,184367381749
Romania2012,2495,19041594,171664638717
Romania2013,2407,19003345,191549024911
Romania2014,2209,18952235,199493490983
Romania2015,2228,18863927,177911101680
Romania2016,1953,16644905,187805922349
Russian Federation1989,37921,135443800,506500173960
Russian Federation1990,39028,136398200,516814274022
Russian Federation1991,39281,137283000,517962962963
Russian Federation1992,45923,138118900,460290556901
Russian Federation1993,55846,137692800,435083713851
Russian Federation1994,61420,138476200,395077301248
Russian Federation1995,60548,139087100,395531066563
Russian Federation1996,57511,139272600,391719993757
Russian Federation1997,54746,139283200,404926534140
Russian Federation1998,51518,139122100,270953116950
Russian Federation1999,56974,138717800,195905767669
Russian Federation2000,56619,138205695,259708496267
Russian Federation2001,56958,137521509,306602673980
Russian Federation2002,55024,136590900,345110438692
Russian Federation2003,51445,137019868,430347770732
Russian Federation2004,49096,137071699,591016690743
Russian Federation2005,45802,136162191,764017107992
Russian Federation2006,42614,135357462,989930542279
Russian Federation2007,41149,134778964,1299705247686
Russian Federation2008,38211,134385949,1660844408500
Russian Federation2009,37408,134085433,1222643696992
Russian Federation2010,33356,134865987,1524916112079
Russian Federation2011,31038,134745874,2051661732060
Russian Federation2012,29643,134668522,2210256976945
Russian Federation2013,28690,134713962,2297128039058
Russian Federation2014,26541,134713962,2063662665172
Russian Federation2015,25432,137018943,1368400705491
Saint Kitts and Nevis1990,0,39100,208740444
Saint Kitts and Nevis1991,0,39100,209880963
Saint Kitts and Nevis1992,0,39100,229434519
Saint Lucia1986,5,110000,289689704
Saint Lucia1987,11,111300,319998987
Saint Lucia1988,10,113000,366541091
Saint Lucia1989,8,118566,415518112
Saint Lucia1990,3,120537,483962431
Saint Lucia1991,6,122496,513753818
Saint Lucia1992,11,124223,566894749
Saint Lucia1993,8,125846,574870405
Saint Lucia1994,6,127557,600005564
Saint Lucia1995,10,129466,640449501
Saint Lucia1996,7,131621,662196185
Saint Lucia1997,9,133967,676949594
Saint Lucia1998,8,136400,737554872
Saint Lucia1999,8,138813,775934813
Saint Lucia2000,14,141100,784159229
Saint Lucia2001,7,143166,743808076
Saint Lucia2002,12,145168,748346606
Saint Lucia2003,10,147127,823837141
Saint Lucia2004,8,149121,893107211
Saint Lucia2005,4,151169,951207366
Saint Lucia2006,2,153460,1134193630
Saint Lucia2008,0,157876,1282215407
Saint Lucia2009,13,159820,1262973407
Saint Lucia2010,4,161503,1381968259
Saint Lucia2011,8,162892,1437684815
Saint Lucia2012,10,163940,1436803333
Saint Lucia2013,14,164790,1489928889
Saint Lucia2014,14,165596,1551921037
Saint Vincent and Grenadines1985,2,89800,145641704
Saint Vincent and Grenadines1986,0,90800,160846667
Saint Vincent and Grenadines1987,0,92036,175580630
Saint Vincent and Grenadines1990,5,94141,240365259
Saint Vincent and Grenadines1995,7,95974,316008481
Saint Vincent and Grenadines1996,8,96095,331489704
Saint Vincent and Grenadines1997,3,96255,347770000
Saint Vincent and Grenadines1998,10,96449,373619852
Saint Vincent and Grenadines1999,6,96685,390719148
Saint Vincent and Grenadines2000,5,96956,396270000
Saint Vincent and Grenadines2001,8,97341,430040370
Saint Vincent and Grenadines2002,7,97799,461883444
Saint Vincent and Grenadines2003,4,98292,481806296
Saint Vincent and Grenadines2004,4,98740,521975111
Saint Vincent and Grenadines2005,8,99118,550728667
Saint Vincent and Grenadines2006,6,99463,610930037
Saint Vincent and Grenadines2007,11,99689,651833333
Saint Vincent and Grenadines2008,4,99826,695428852
Saint Vincent and Grenadines2009,1,99927,674922481
Saint Vincent and Grenadines2010,5,100050,681225963
Saint Vincent and Grenadines2011,5,100037,676129407
Saint Vincent and Grenadines2012,10,100167,692933741
Saint Vincent and Grenadines2013,0,100398,721207148
Saint Vincent and Grenadines2014,2,100676,725185185
Saint Vincent and Grenadines2015,3,100948,756666667
San Marino1999,2,25192,1215640315
San Marino2000,1,25369,1101897918
San Marino2005,1,28264,1958711603
Serbia1998,1460,7179002,18284194680
Serbia1999,1571,7162831,18409364147
Serbia2000,1543,7149140,6540247190
Serbia2001,1442,7142410,12267175481
Serbia2002,1446,7138113,16116843146
Serbia2003,1378,7111975,21188704081
Serbia2004,1345,7086364,24861483281
Serbia2005,1437,7058982,26252007830
Serbia2006,1443,7031811,30607991862
Serbia2007,1353,7009610,40289556656
Serbia2008,1289,6988532,49259526053
Serbia2009,1373,6968240,42616653300
Serbia2010,1207,6944871,39460357731
Serbia2011,1256,6900027,46466728667
Serbia2012,1243,6867174,40742313861
Serbia2013,1197,6832840,45519650911
Serbia2014,1134,6801810,44210806366
Serbia2015,1062,6766406,37160332465
Seychelles1985,8,57300,168887539
Seychelles1986,1,57400,207850624
Seychelles1987,3,58300,249267040
Seychelles2001,6,75363,622262057
Seychelles2002,5,76904,697518248
Seychelles2003,8,78402,705704816
Seychelles2004,6,79735,839319927
Seychelles2005,5,80900,919103255
Seychelles2006,8,81691,1016418229
Seychelles2007,6,82331,1033561654
Seychelles2008,4,82900,967199594
Seychelles2009,4,83429,847397850
Seychelles2010,6,83885,969936525
Seychelles2011,5,80717,1065826670
Seychelles2012,3,81224,1059498884
Seychelles2013,9,82541,1328091524
Seychelles2014,4,83845,1342997306
Seychelles2015,7,85949,1375604279
Singapore1985,324,2350500,19138296376
Singapore1986,326,2379300,18569292305
Singapore1987,301,2407800,20897630201
Singapore1988,366,2393400,25337226971
Singapore1989,394,2431100,30423573842
Singapore1990,354,2511800,36152027893
Singapore1991,296,2559300,45474442836
Singapore1992,277,2604000,52156414979
Singapore1993,270,2655800,60644572348
Singapore1994,316,2712200,73777792327
Singapore1995,364,2765300,87890009877
Singapore1996,239,2823100,96403758865
Singapore1997,303,2880000,100163995151
Singapore1998,328,2940200,85707636233
Singapore1999,277,2997100,86283126844
Singapore2000,309,3047600,95833932715
Singapore2001,305,3103000,89286208629
Singapore2002,321,3165200,91941192896
Singapore2003,320,3226200,97001377569
Singapore2004,335,3281400,114188557567
Singapore2005,359,3342400,127417688056
Singapore2006,372,3411900,147797218201
Singapore2007,328,3389600,179981288567
Singapore2008,319,3448900,192225881688
Singapore2009,349,3536100,192408387762
Singapore2010,296,3576800,236421782178
Singapore2011,308,3600900,275966926379
Singapore2012,392,3631600,290673681684
Singapore2013,357,3661456,304454327499
Singapore2014,355,3689370,311539499645
Singapore2015,329,3719115,304097759674
Slovakia1992,796,4909228,15431288006
Slovakia1993,738,4935260,16452201101
Slovakia1994,691,4974858,20079363626
Slovakia1995,735,5005232,25733043137
Slovakia1996,672,5032436,27821913815
Slovakia1997,630,5058389,27660149541
Slovakia1998,673,5081100,29828899206
Slovakia1999,692,5098200,30415095887
Slovakia2000,729,5111813,29114875622
Slovakia2001,692,5100256,30703017450
Slovakia2002,717,5107584,35083608131
Slovakia2003,753,5113982,46731767494
Slovakia2004,676,5121210,57240535138
Slovakia2005,679,5126946,62697540107
Slovakia2006,0,5129369,70596729394
Slovakia2007,0,5132660,86304245825
Slovakia2008,591,5137067,100324627215
Slovakia2009,601,5141744,88945625174
Slovakia2010,631,5147562,89501012916
Slovakia2012,571,5116922,93413992956
Slovakia2013,616,5122209,98478349315
Slovakia2014,554,5129686,100948236941
Slovenia1995,564,1884000,21273055398
Slovenia1996,607,1893100,21480023017
Slovenia1997,593,1883900,20749140606
Slovenia1998,612,1880300,22125435372
Slovenia1999,590,1884400,22689994990
Slovenia2000,588,1886483,20342201356
Slovenia2001,581,1901330,20875387068
Slovenia2002,540,1906124,23563576758
Slovenia2003,562,1907589,29697448108
Slovenia2004,512,1907862,34470227454
Slovenia2005,503,1911817,36346974008
Slovenia2006,529,1918570,39587732029
Slovenia2007,434,1927332,48114688201
Slovenia2008,408,1943758,55589849128
Slovenia2009,447,1942037,50244793832
Slovenia2010,414,1944774,48013606745
Slovenia2011,435,1944561,51290792018
Slovenia2012,440,1945988,46352802766
Slovenia2013,446,1948276,48116256926
Slovenia2014,388,1951786,49904928335
Slovenia2015,422,1954632,43072415017
South Africa1996,143,37773652,147607982695
South Africa1997,104,38528157,152586154514
South Africa1998,180,39232468,137774361015
South Africa1999,279,39907560,136631966609
South Africa2000,267,40568559,136361854808
South Africa2001,384,41185599,121600818310
South Africa2002,236,41803868,115748110113
South Africa2003,256,42415309,175256916996
South Africa2004,383,43005874,228937347866
South Africa2005,458,43566107,257671413751
South Africa2006,514,44079057,271811088781
South Africa2007,417,44577435,299033511000
South Africa2008,441,43680586,287099991517
South Africa2009,372,45607048,297216730669
South Africa2010,393,46176200,375298134440
South Africa2011,358,46806739,416878162441
South Africa2012,487,47484256,396332702639
South Africa2013,587,48192699,366829390479
South Africa2014,580,48912129,350904575292
South Africa2015,482,49627460,317741039198
Spain1985,2514,35997000,180302412231
Spain1986,2755,36223000,250638463467
Spain1987,2804,36425700,317882187037
Spain1988,2960,36597300,375138723325
Spain1989,2987,36740400,413630538018
Spain1990,2939,36861400,535101248776
Spain1991,2916,36958100,575598537070
Spain1992,2786,37000900,629202392004
Spain1993,3037,37122100,523649481762
Spain1994,3171,37203100,529121577320
Spain1995,3157,37275300,612939685081
Spain1996,3320,37341200,640998292395
Spain1997,3373,37405000,588692045455
Spain1998,3261,37458900,617041986858
Spain1999,3220,37789271,633194118900
Spain2000,3394,38319996,595402616547
Spain2001,3189,38713504,625975838926
Spain2002,3372,39340611,705145868624
Spain2003,3478,39947556,906853273138
Spain2004,3508,40555823,1069555500372
Spain2005,3399,41195479,1157276458152
Spain2006,3247,41808848,1264551499185
Spain2007,3264,42547327,1479341637011
Spain2008,3457,43199484,1635015380108
Spain2009,3429,43490086,1499099749931
Spain2010,3158,43595356,1431616749640
Spain2011,3180,43642571,1488067258325
Spain2012,3539,44318859,1336018949806
Spain2013,3873,44227625,1361854206549
Spain2014,3911,44172771,1376910811041
Spain2015,3604,44186528,1197789902774
Sri Lanka1985,5668,13857000,5978460972
Sri Lanka1986,5345,14101400,6405210564
Sri Lanka1996,4898,16654427,13897738375
Sri Lanka1997,5887,16775409,15091913884
Sri Lanka1998,5518,16897691,15794972847
Sri Lanka1999,5619,17020287,15656327860
Sri Lanka2000,5252,17140342,16330814180
Sri Lanka2001,4590,17266961,15749753805
Sri Lanka2002,4382,17395955,16536535647
Sri Lanka2003,4467,17524596,18881765437
Sri Lanka2006,4015,17891558,28267410543
Suriname1985,80,322700,873250000
Suriname1986,42,326294,891000000
Suriname1987,52,332013,979850000
Suriname1988,49,339611,1160900000
Suriname1989,53,347723,542520000
Suriname1990,26,348700,388300000
Suriname1991,57,363079,448300000
Suriname1992,48,370194,404600000
Suriname1995,55,389414,693970588
Suriname1996,21,395805,860630923
Suriname1997,32,401814,929607500
Suriname1998,29,407606,945000000
Suriname1999,49,413303,885444186
Suriname2000,52,419001,892164394
Suriname2001,72,424515,763465550
Suriname2002,69,430176,1078402128
Suriname2003,77,435946,1271196078
Suriname2004,67,441717,1484092538
Suriname2005,72,447445,1793754805
Suriname2006,112,453293,2626380435
Suriname2007,119,459086,2936612022
Suriname2008,147,464789,3532969035
Suriname2009,131,470448,3875409836
Suriname2010,136,476052,4368398048
Suriname2011,127,481521,4422276622
Suriname2012,133,486964,4980000000
Suriname2013,131,492359,5145757576
Suriname2014,128,497701,5240606061
Sweden1987,1541,7909000,180429286796
Sweden1988,1590,7930900,204068257818
Sweden1989,1579,7964800,214875344910
Sweden1990,1471,8005700,258154283909
Sweden1991,1483,8041100,270362531377
Sweden1992,1355,8073200,280312318915
Sweden1993,1373,8112500,209950792713
Sweden1994,1324,8174100,226079963712
Sweden1995,1348,8233000,264051981551
Sweden1996,1253,8274300,288103936773
Sweden1997,1201,8311300,264477727279
Sweden1998,1231,8346300,266800462899
Sweden1999,1220,8378013,270847937645
Sweden2000,1131,8409008,259802012617
Sweden2001,1197,8439317,239917320967
Sweden2002,1180,8465828,263926220333
Sweden2003,1112,8490539,331108912605
Sweden2004,1155,8514314,381705425302
Sweden2005,1219,8538624,389042298377
Sweden2006,1197,8576044,420032121656
Sweden2007,1126,8629159,487816328342
Sweden2008,1170,8688504,513965650650
Sweden2009,1242,8755922,429657033108
Sweden2010,1141,8823125,488377689565
Sweden2011,1112,8884644,563109663291
Sweden2012,1154,8948909,543880647757
Sweden2013,1230,9024081,578742001488
Sweden2014,1148,9114524,573817719109
Sweden2015,1182,9114524,497918109302
Sweden2016,1130,8125852,514459972806
Switzerland1995,1419,6617500,342617007104
Switzerland1996,1432,6652200,330091688350
Switzerland1997,1341,6675200,286519135327
Switzerland1998,1371,6725167,295045152021
Switzerland1999,1296,6764328,289912492345
Switzerland2000,1380,6809589,272055499941
Switzerland2001,1338,6865842,278631271391
Switzerland2002,1446,6942010,301416810214
Switzerland2003,1269,6969293,352914820747
Switzerland2004,1284,7023166,394163688621
Switzerland2005,1299,7071991,408689353999
Switzerland2006,1309,7118477,430921192375
Switzerland2007,1360,7183595,479913034322
Switzerland2008,1314,7274875,554363487120
Switzerland2009,1105,7364558,541506500414
Switzerland2010,1006,7439147,583782977866
Switzerland2011,1034,7518040,699579638638
Switzerland2012,1038,7595591,668043614123
Switzerland2013,1071,7681318,688504173431
Switzerland2014,1032,7809621,709182559935
Switzerland2015,1073,7892502,679289166858
Thailand1985,2982,46303443,38900692712
Thailand1986,2798,47331465,43096746122
Thailand1987,3035,48376410,50535438696
Thailand1990,3753,51228668,85343063966
Thailand1991,3559,51947693,98234695722
Thailand1992,3550,52570440,111452869378
Thailand1994,2307,52691000,146683499006
Thailand1995,4245,54366057,169278552851
Thailand1996,4443,55070703,183035154107
Thailand1997,4150,55859088,150180268649
Thailand1998,4963,56691783,113675706127
Thailand1999,5276,57507860,126668932160
Thailand2000,5182,58262135,126392308498
Thailand2002,4902,58263389,134300851255
Thailand2003,4484,60158951,152280653544
Thailand2004,4296,60686373,172895476153
Thailand2005,3937,61182665,189318499954
Thailand2006,3608,61636512,221758486880
Thailand2007,3754,58941621,262942650544
Thailand2008,3778,59216773,291383081232
Thailand2009,3787,59483718,281710095725
Thailand2010,3761,59769764,341105009515
Thailand2011,3873,60261832,370818747397
Thailand2012,3985,60382255,397558094270
Thailand2013,3961,60766487,420333333333
Thailand2014,3952,61139919,407339361696
Thailand2015,4205,61261276,401399422443
Thailand2016,4117,53442001,411755164833
Trinidad and Tobago1985,29,1008000,7375918367
Trinidad and Tobago1986,104,1061600,4794444444
Trinidad and Tobago1987,119,1078300,4797777778
Trinidad and Tobago1988,164,1095600,4496852073
Trinidad and Tobago1989,173,1070000,4323058824
Trinidad and Tobago1990,170,1088500,5068000000
Trinidad and Tobago1991,148,1102000,5307905882
Trinidad and Tobago1992,163,1132600,5439552941
Trinidad and Tobago1993,174,1148300,4669488516
Trinidad and Tobago1994,148,1162900,4947205860
Trinidad and Tobago1995,184,1149173,5329214163
Trinidad and Tobago1996,146,1156185,5759537726
Trinidad and Tobago1997,160,1162267,5737751332
Trinidad and Tobago1998,171,1167924,6043694330
Trinidad and Tobago1999,139,1173276,6808982521
Trinidad and Tobago2000,166,1178363,8154338233
Trinidad and Tobago2001,179,1183354,8824873259
Trinidad and Tobago2002,156,1188800,9008273721
Trinidad and Tobago2003,144,1194458,11305459802
Trinidad and Tobago2004,168,1200116,13280275123
Trinidad and Tobago2005,136,1205471,15982282462
Trinidad and Tobago2006,141,1209301,18369070085
Trinidad and Tobago2007,131,1213988,21642304046
Trinidad and Tobago2008,199,1219336,27870257894
Trinidad and Tobago2009,128,1225097,19175196446
Trinidad and Tobago2010,160,1231002,22157948396
Trinidad and Tobago2011,139,1237186,25433011405
Turkey2009,1050,65962419,644639902581
Turkey2010,1524,66975131,771901768698
Turkey2011,1148,68034357,832523681194
Turkey2012,1450,68976439,873982246102
Turkey2013,1810,69880352,950579413279
Turkey2014,1617,70931420,934185915467
Turkey2015,1532,71880464,859796872794
Turkmenistan1987,272,2859100,2331358820
Turkmenistan1988,270,2926300,3010982414
Turkmenistan1989,253,2999000,3006988217
Turkmenistan1990,298,3079800,3189539641
Turkmenistan1991,273,3162500,3208098919
Turkmenistan1992,271,3252900,3200539816
Turkmenistan1993,240,3331100,3179225949
Turkmenistan1994,234,3423100,2561118608
Turkmenistan1995,244,3818200,2482228440
Turkmenistan1996,283,3913000,2379281768
Turkmenistan1997,333,4006400,2450084970
Turkmenistan1998,405,4099200,2605688065
Turkmenistan1999,442,3958754,2450686660
Turkmenistan2000,383,4026478,2904662605
Turkmenistan2001,445,4095981,3534803922
Turkmenistan2002,416,4143692,4461978499
Turkmenistan2003,377,4177740,5977560877
Turkmenistan2004,392,4211000,6838351088
Turkmenistan2005,468,4252530,8104355717
Turkmenistan2006,506,4287650,10277598152
Turkmenistan2007,354,4342657,12664165103
Turkmenistan2008,484,4412135,19271523179
Turkmenistan2009,165,4484467,20214385965
Turkmenistan2010,178,4551185,22583157895
Turkmenistan2011,130,4626095,29233333333
Turkmenistan2012,138,4690058,35164210526
Turkmenistan2013,101,4748055,39197543860
Turkmenistan2014,136,4811227,43524210526
Turkmenistan2015,133,4886514,35799628571
Ukraine1987,10050,47374200,64087694038
Ukraine1988,9751,47549900,74703517903
Ukraine1989,10887,47761700,82709161099
Ukraine1990,10645,47971600,81456918679
Ukraine1991,10700,48200600,77464561150
Ukraine1992,11666,48487300,73942235330
Ukraine1993,12469,48680500,65648559903
Ukraine1994,13826,48619000,52549555149
Ukraine1995,14541,48415300,48213868178
Ukraine1996,15160,48174500,44558077827
Ukraine1997,14903,47923000,50150399792
Ukraine1998,14789,47675400,41883241472
Ukraine1999,14363,47415400,31580639045
Ukraine2000,14467,47125400,31261527363
Ukraine2001,13131,46805969,38009344577
Ukraine2002,12536,46060017,42392896031
Ukraine2003,12313,45697383,50132953288
Ukraine2004,11256,45322826,64883060726
Ukraine2005,10621,44939270,86142018069
Ukraine2006,10013,44560034,107753069307
Ukraine2007,10032,44198672,142719009901
Ukraine2008,9454,43856123,179992405832
Ukraine2009,9715,43557944,117227769792
Ukraine2010,9089,43296809,136013155905
Ukraine2011,8973,43074791,163159671670
Ukraine2012,9058,42915935,175781379051
Ukraine2014,7968,40464165,133503411376
Ukraine2015,7574,40345446,91030959455
United Arab Emirates2005,96,4280433,180617018380
United Arab Emirates2006,90,4923879,222116541865
United Arab Emirates2007,101,5695389,257916133424
United Arab Emirates2008,100,6510358,315474615739
United Arab Emirates2009,124,7252480,253547358747
United Arab Emirates2010,111,7839736,289787338325
United Kingdom1985,5105,53006535,489285164271
United Kingdom1986,4839,53119533,601452653181
United Kingdom1987,4594,53239668,745162608269
United Kingdom1988,4971,53310780,910122732124
United Kingdom1989,4361,53425129,926884816754
United Kingdom1990,4643,53557854,1093169389205
United Kingdom1991,4547,53903427,1142797178131
United Kingdom1992,4628,54076358,1179659529660
United Kingdom1993,4462,54283982,1061388722256
United Kingdom1994,4380,54497293,1140489745944
United Kingdom1995,4315,54746964,1335218557677
United Kingdom1996,4165,55012207,1408781591264
United Kingdom1997,4143,55266635,1552483628029
United Kingdom1998,4389,55527379,1638511096390
United Kingdom1999,4448,55833339,1665623685488
United Kingdom2000,4290,56133909,1647951278560
United Kingdom2001,4128,55571993,1621510004318
United Kingdom2002,4117,55908944,1768408273381
United Kingdom2003,3979,56171771,2038395102041
United Kingdom2004,4183,56455011,2398555474185
United Kingdom2005,4047,56809024,2520701818182
United Kingdom2006,4122,57091129,2692612695492
United Kingdom2007,3897,57382757,3074359743898
United Kingdom2008,4259,57683372,2890564338235
United Kingdom2009,4246,58013559,2382825985356
United Kingdom2010,4188,58403529,2441173394730
United Kingdom2011,4393,58881852,2619700404733
United Kingdom2012,4444,59708630,2662085168499
United Kingdom2013,4824,60091793,2739818680930
United Kingdom2014,4788,60570482,3022827781881
United Kingdom2015,4910,61082942,2885570309161
United States1985,29446,220723000,4346734000000
United States1986,30892,222953000,4590155000000
United States1987,30783,225148000,4870217000000
United States1988,30388,227353000,5252629000000
United States1989,30218,229487000,5657693000000
United States1990,30895,229952200,5979589000000
United States1991,30790,232955000,6174043000000
United States1992,30471,235565600,6539299000000
United States1993,31084,238092300,6878718000000
United States1994,31123,240614100,7308755000000
United States1995,31272,243164200,7664060000000
United States1996,30879,245997800,8100201000000
United States1997,30517,248486400,8608515000000
United States1998,30558,251332500,9089168000000
United States1999,29183,253748671,9660624000000
United States2000,29343,262246108,10284779000000
United States2001,30607,265427546,10621824000000
United States2002,31645,268759559,10977514000000
United States2003,31477,271041510,11510670000000
United States2004,32428,273584136,12274928000000
United States2005,32629,276106680,13093726000000
United States2006,33292,278980848,13855888000000
United States2007,34596,280658606,14477635000000
United States2008,36030,282355565,14718582000000
United States2009,36900,285162662,14418739000000
United States2010,38362,287839149,14964372000000
United States2011,39508,290313825,15517926000000
United States2012,40596,292827128,16155255000000
United States2013,41143,295322862,16691517000000
United States2014,42769,297749735,17427609000000
United States2015,44189,300078511,18120714000000
Uruguay1985,287,2737400,4732017873
Uruguay1986,262,2757600,5880112788
Uruguay1987,258,2778900,7367494080
Uruguay1988,268,2799600,8213515459
Uruguay1989,344,2820700,8438951476
Uruguay1990,315,2834000,9298839655
Uruguay1993,418,2896228,15002106518
Uruguay1994,406,2920296,17474647792
Uruguay1995,427,2943816,19297663097
Uruguay1996,393,2967278,20515543039
Uruguay1997,456,2991662,23969823010
Uruguay1998,521,3014887,25385928198
Uruguay1999,450,3034833,23983945191
Uruguay2000,555,3050169,22823255802
Uruguay2001,499,3061024,20898788417
Uruguay2002,675,3065257,13606494599
Uruguay2003,535,3065772,12045631093
Uruguay2004,520,3066489,13686329890
Uruguay2005,498,3070178,17362857684
Uruguay2006,528,3077445,19579457966
Uruguay2007,576,3087957,23410572634
Uruguay2008,523,3100791,30366213119
Uruguay2009,511,3114306,31660911277
Uruguay2010,547,3127306,40284481652
Uruguay2012,599,3151939,51264390116
Uruguay2013,546,3164670,57531233351
Uruguay2014,591,3177645,57236013086
Uruguay2015,630,3190795,53274304222
Uzbekistan1990,1459,17165700,13360607918
Uzbekistan1991,1393,17347800,13677622222
Uzbekistan1992,1344,18257000,12941297376
Uzbekistan1993,1355,18509300,13099013836
Uzbekistan1994,1419,19144700,12899156991
Uzbekistan1995,1485,19599000,13350468917
Uzbekistan1996,1699,19854500,13948892216
Uzbekistan1997,1554,20364300,14744603774
Uzbekistan1998,1620,20861200,14988971211
Uzbekistan1999,1795,21329916,17078465982
Uzbekistan2000,1919,21789067,13760374488
Uzbekistan2001,1914,22231527,11401351420
Uzbekistan2002,1576,22632256,9687951055
Uzbekistan2003,1416,22982883,10128112401
Uzbekistan2004,1251,23300841,12030023548
Uzbekistan2005,1221,23600347,14307509839
Uzbekistan2009,1399,25288102,33689223673
Uzbekistan2010,1464,25651783,39332770929
Uzbekistan2011,1640,25978049,45915191189
Uzbekistan2012,1835,26381830,51821573338
Uzbekistan2013,1950,26838924,57690453461
Uzbekistan2014,2095,27313507,63067077179
